Month,Day,Year,Discharge (m3/s),Section Averaged SSC (mg/l),Sediment Flux (kg/s)
10,8,2005,9388.236511,47.00457313,502.6939807
10,8,2005,12544.1666,100.0293046,1315.923829
10,8,2005,13879.53689,126.9815157,1925.304538
10,8,2005,13004.53045,155.9236392,2309.614498
10,8,2005,12956.60097,161.8468441,2434.038596
10,8,2005,13349.57307,169.870712,2667.380853
10,8,2005,11704.68871,174.4490664,2375.166625
10,8,2005,11020.60343,179.7258367,2266.05654
10,8,2005,11071.36059,174.8252717,2305.729712
10,8,2005,11023.94417,173.7565353,2217.212899
10,8,2005,10924.00167,142.5974513,1878.737864
10,8,2005,7482.751619,86.39185417,958.3658545
10,8,2005,5953.966256,40.27328384,402.1347769
10,8,2005,7237.848431,33.48341814,413.8472073
10,9,2005,10888.17695,133.7661065,1855.825104
10,9,2005,8053.500684,97.73033595,1049.916169
10,9,2005,7543.828885,67.33910525,659.6819849
10,9,2005,9254.53394,53.65176608,595.5219364
10,9,2005,11452.0724,89.90638584,1150.509381
10,9,2005,13694.90583,123.1736526,1780.630851
10,9,2005,14635.32577,130.417341,2081.861789
10,9,2005,12820.85506,143.1391703,2222.527662
10,9,2005,12689.99815,164.0205877,2367.047959
10,9,2005,12036.64295,168.5762388,2389.22862
10,9,2005,12679.50279,163.506037,2472.840279
10,9,2005,11866.06834,172.7251089,2424.452168
10,9,2005,11622.71564,178.0025424,2398.528137
10,9,2005,9725.556993,173.4151337,1919.227669
10,9,2005,10064.85607,129.248574,1617.090714
10,9,2005,8148.56341,76.23272413,826.3517436
10,9,2005,7433.811956,56.60150218,636.1178428
10,10,2005,10939.77125,134.4976037,1798.326735
10,10,2005,9504.703342,120.1258022,1372.01259
10,10,2005,8470.056169,82.40563925,910.9880885
10,10,2005,9172.316723,66.69241902,795.2496187
5,11,2005,10166.21481,101.1490115,1369.138664
5,11,2005,8747.612253,98.7359161,1275.873175
5,11,2005,6264.387595,97.60643538,892.9474123
5,11,2005,1603.273006,62.393337,151.617522
5,11,2005,4738.329845,55.45574635,330.6542372
5,11,2005,7563.356266,84.06921186,609.7140878
5,11,2005,7303.883634,88.48276205,702.4472901
5,11,2005,4561.626973,82.5444638,443.8494209
5,11,2005,527.5334745,51.80291131,37.3023169
5,11,2005,3896.462474,43.55811975,208.6166821
5,11,2005,6312.089586,55.35154795,387.5777666
5,11,2005,6189.013319,71.36211211,560.932954
5,11,2005,3831.070831,69.21017158,391.6638963
5,11,2005,667.64327,55.75347583,47.32300367
5,11,2005,4556.522505,56.85163581,323.6511315
5,11,2005,8092.496163,76.99319425,686.6476112
5,12,2005,9610.015678,119.7722325,1243.980754
5,12,2005,9420.259584,127.9958248,1286.926484
5,12,2005,8831.300178,125.9965296,1231.393404
5,12,2005,7261.223005,117.0193021,1032.104054
5,12,2005,1322.400142,77.80125822,144.5432564
5,12,2005,6675.897539,72.77942769,517.9097862
5,12,2005,9115.340891,94.49481136,962.6607227
5,12,2005,9176.840147,89.61695271,1041.962613
5,12,2005,7979.481858,86.72917852,957.2886569
5,12,2005,5146.562701,78.58830418,578.8203357
5,12,2005,2657.305044,38.57126275,139.2551582
5,12,2005,4374.439138,39.49659416,186.6559102
5,12,2005,4715.405936,45.19521644,227.7604804
5,12,2005,1194.059769,35.85788321,50.0458717
5,12,2005,2428.440419,37.94507883,97.70384317
5,12,2005,5316.881307,38.58358825,221.9337179
5,12,2005,5878.047263,52.82071209,361.5028806
5,12,2005,4166.79293,65.2992576,328.2107463
5,12,2005,3614.702207,46.06052522,206.5505321
5,12,2005,6966.862609,60.6060104,457.7603975
5,12,2005,8986.772962,90.69237468,893.4040672
5,12,2005,9452.374538,111.5030458,1171.386179
5,13,2005,9846.268498,123.561574,1269.203592
5,13,2005,9569.037765,125.4895152,1288.095485
5,13,2005,9288.943848,131.3423204,1315.630218
5,13,2005,8330.635588,126.3269867,1201.600281
5,13,2005,4516.798961,113.7423635,617.3922281
5,13,2005,3250.914885,63.66581141,270.9348848
5,13,2005,7134.853618,79.05614377,581.8109516
5,13,2005,8556.418149,100.0572725,993.9243166
5,13,2005,8366.639807,88.53430875,932.6848916
5,13,2005,6877.779874,80.05614828,774.5572909
5,13,2005,4207.9461,65.96580864,396.2462129
5,13,2005,1596.298091,37.6795498,71.03625178
5,13,2005,1474.451869,31.53933878,55.67468795
5,13,2005,1614.828033,27.00334193,57.95075632
5,13,2005,3844.956067,29.01213676,134.2365538
5,13,2005,5016.748181,37.80442537,251.7155443
5,13,2005,4322.403624,40.08446449,217.2548007
5,13,2005,1251.802345,41.34732804,69.81814065
5,13,2005,2210.212379,34.84089457,99.97026072
5,13,2005,5745.868952,43.99705105,298.2792509
5,13,2005,7911.664597,76.89306121,628.2705189
5,13,2005,9154.621259,97.88917,978.5102843
5,14,2005,9665.481683,119.2757036,1246.334223
5,14,2005,9489.041262,125.9023564,1316.214857
5,14,2005,9148.586664,125.0637014,1239.138019
5,14,2005,8638.520703,120.6421788,1172.186941
5,14,2005,6942.953689,108.9204006,916.2546006
5,14,2005,4660.036469,58.24959751,316.6109828
5,14,2005,7407.978062,68.42306455,573.3333025
1,10,2005,11624.16605,93.22350245,1271.618423
1,10,2005,11285.78361,102.3642632,1423.758286
1,10,2005,10743.88829,102.2477892,1370.650359
1,10,2005,10212.25684,97.02152431,1253.756896
1,10,2005,3350.869458,40.62489894,178.2092998
1,10,2005,7965.22421,45.05623726,387.6733733
1,10,2005,8670.051812,67.034867,684.1679913
1,10,2005,7967.856566,68.80649313,716.2928171
1,10,2005,5846.804346,59.87647552,475.2491152
1,10,2005,2689.437423,37.04706209,137.6157382
1,10,2005,1613.108085,24.4656809,52.9459821
1,11,2005,1628.196437,26.2808522,63.02880958
1,11,2005,10027.4227,50.90608248,518.6733521
1,11,2005,11045.1111,60.69332026,751.6826434
1,11,2005,11256.6762,83.41960086,1052.852449
1,11,2005,11294.12256,82.56563948,1050.701814
1,11,2005,10654.56939,87.37764889,1164.833594
1,11,2005,10550.23497,84.91148997,1095.818091
1,11,2005,9748.688126,79.61305539,950.0362056
1,11,2005,3542.072769,68.13950806,327.8946474
1,11,2005,4451.845022,33.06815835,175.3256204
1,11,2005,8887.807974,59.88874565,636.6332892
1,11,2005,7876.71672,58.65574664,622.0796661
1,11,2005,5678.849367,47.4186789,368.5122456
1,11,2005,1614.730008,29.45303224,57.86497929
1,12,2005,1641.087459,21.2308044,47.02561127
1,12,2005,4954.280054,24.47134756,137.1178848
1,12,2005,7211.299864,33.25181957,266.6853797
1,12,2005,6958.651309,37.86102782,336.2855656
1,12,2005,3453.650885,41.77303469,190.1422157
1,12,2005,1273.376776,26.40120184,51.21332819
1,12,2005,7344.493303,32.03675967,263.7570942
1,12,2005,9797.428851,54.06083446,563.8703075
1,12,2005,11613.2378,91.95487247,1273.824841
1,12,2005,11195.43316,95.93216826,1194.685896
1,12,2005,11425.48724,94.29535139,1324.73361
1,12,2005,10867.81733,97.37025042,1282.007219
1,12,2005,9687.890836,97.40945634,1132.151562
1,12,2005,5833.047192,43.85188402,271.1120609
1,12,2005,8947.531727,63.78252653,636.3117361
1,12,2005,9123.562125,76.82176375,905.7581383
1,12,2005,8072.903159,66.59935225,743.0342152
1,12,2005,5181.574702,56.1942455,384.6430255
1,13,2005,2488.520217,23.43992263,82.06766393
1,13,2005,5571.264937,28.93174352,177.9172834
1,13,2005,7775.215728,39.25564105,321.4290841
1,13,2005,7419.777614,47.41460915,446.7453576
1,13,2005,3795.545127,43.39200699,218.22769
1,2,2006,10593.73391,149.3615031,1526.730639
1,2,2006,11640.32413,217.5736115,2714.495578
1,2,2006,12486.01752,252.3560861,3399.608949
1,2,2006,12542.37174,264.9509017,3904.56013
1,2,2006,10956.31713,267.8143633,3498.773064
1,2,2006,10488.70098,249.1220242,3141.972959
1,2,2006,5040.849427,201.284968,1401.7482
1,2,2006,3839.316135,101.3377145,488.9606524
1,2,2006,7019.840203,121.36732,908.6538776
1,2,2006,7649.244767,178.7110674,1592.277086
1,2,2006,6871.345353,163.1829634,1482.461007
1,2,2006,3860.32984,124.9013035,652.2582494
1,3,2006,1278.235068,89.78409645,145.3896905
1,3,2006,3000.944419,52.86938631,196.8423733
1,3,2006,5302.391508,63.5715906,336.6052471
1,3,2006,4905.652396,86.9556174,466.6888286
1,3,2006,1569.026823,72.95230725,150.162421
1,3,2006,2968.072111,48.84124946,187.5912129
1,3,2006,11835.66162,206.8240189,2620.638571
1,3,2006,12504.13957,226.9975372,3176.470901
1,3,2006,11642.49494,235.038696,3249.928708
1,3,2006,10968.31694,223.6423684,3007.030465
1,3,2006,10027.39347,220.6465505,2576.353255
1,3,2006,4322.61814,102.4910139,474.4327014
1,3,2006,7182.604168,121.3083904,1049.952865
1,3,2006,7103.710391,144.568885,1075.34837
1,3,2006,5794.888705,140.3497736,1023.642853
1,3,2006,3066.299817,114.8150151,416.7773045
1,4,2006,2298.222971,58.99584754,172.4073296
1,4,2006,4528.045008,57.91054246,277.3544397
1,4,2006,4245.523704,65.67983954,294.5197716
1,4,2006,1071.116666,50.84850259,48.46075366
1,4,2006,4745.373425,44.02976027,225.8494008
1,4,2006,8261.940763,81.49649665,591.3459051
1,4,2006,10648.21293,108.2097488,1215.852853
1,4,2006,11984.20064,186.5316055,2408.763007
1,4,2006,11682.79326,189.8032132,2422.95291
1,4,2006,12370.12342,205.475858,2950.011488
1,4,2006,11079.59057,202.7403777,2609.788088
1,4,2006,11156.26843,210.9292102,2856.74267
1,4,2006,7817.344522,168.1958336,1647.835278
1,4,2006,705.9399722,119.2294822,43.87977657
1,4,2006,5618.07218,84.84627677,502.0555673
1,4,2006,7420.973961,114.0267477,959.4432504
1,4,2006,6900.248514,139.4869535,1155.476871
1,4,2006,5409.930222,120.3148449,834.0550212
1,5,2006,1847.341047,50.43229929,130.1139877
1,5,2006,3525.736092,50.14426278,183.2256334
1,5,2006,2619.243622,48.52742573,134.9805152
1,5,2006,1055.867861,30.06348107,34.73680424
1,5,2006,4725.83226,31.25835868,135.8583382
1,5,2006,9848.960435,94.08264075,794.5649323
1,5,2006,11528.44498,160.0270104,1982.228982
1,5,2006,11692.55686,178.2715472,2207.916207
1,5,2006,11504.52545,183.1999208,2338.635667
1,5,2006,11145.357,187.0908634,2487.171083
1,5,2006,9963.532452,175.6325253,2040.526747
1,5,2006,4739.71938,130.3830497,896.6825438
1,5,2006,2899.503482,78.84680208,323.9469545
1,5,2006,6862.159357,82.55992485,549.6797129
1,5,2006,7410.995331,110.0506249,943.4881657
1,5,2006,6935.536002,117.410314,1061.714272
1,5,2006,3952.979441,95.48928386,524.1449307
1,6,2006,4033.205772,29.59081632,143.8216741
1,6,2006,378.973367,5.556429283,0.010543192
10,2,2007,13738.80464,129.358659,2057.976737
10,2,2007,14988.25207,168.5024678,2898.614833
10,2,2007,13840.39259,175.1389293,2897.066697
10,2,2007,13076.31552,179.2223525,2725.735617
10,2,2007,13691.47179,185.2996873,2928.816573
10,2,2007,13389.68257,177.3545855,2778.346152
10,2,2007,5483.352563,90.23437168,802.138195
10,2,2007,4522.585004,46.66765581,393.7797188
10,3,2007,9962.177219,127.2747358,1485.591742
10,3,2007,7671.341811,101.9824488,933.4286236
10,3,2007,5365.738364,71.86312997,500.2252968
10,3,2007,6878.086252,50.38286491,445.8420406
10,3,2007,8979.78086,62.55721134,643.825322
10,3,2007,10725.30488,84.92749077,894.8425061
10,3,2007,12143.35009,108.5870415,1401.814861
10,3,2007,13183.53774,130.4604146,1780.446735
10,3,2007,14536.07726,139.3754699,2170.414446
10,3,2007,15027.59139,156.6334546,2595.16249
10,3,2007,13950.78783,165.548839,2575.971422
10,3,2007,14507.11245,177.5977794,2848.556188
10,3,2007,14570.78084,188.6242519,3081.063316
10,3,2007,12955.77956,187.6290819,2786.334862
10,3,2007,12793.73785,184.7973523,2611.111262
10,3,2007,7459.94747,118.13085,1182.925256
10,3,2007,5080.631453,69.71683621,585.7251258
10,4,2007,9948.994771,116.6075966,1372.839264
10,4,2007,8930.225563,112.6217258,1190.495335
10,4,2007,7683.161914,92.78426551,889.3548417
10,4,2007,7287.627991,81.13114393,777.3200863
10,4,2007,7729.390094,58.67720114,557.9383376
10,4,2007,9339.623016,81.79058395,866.4796705
10,4,2007,10393.47643,89.34947582,995.2822895
10,4,2007,11456.85029,104.9483906,1224.555812
1,8,2007,509.9517238,27.4316642,16.24628938
1,8,2007,4512.041037,25.87612992,119.0352922
1,8,2007,8201.231957,57.89522989,395.7009218
1,8,2007,10494.57446,99.19684644,1129.013407
1,8,2007,11675.75739,141.8731267,1971.086867
1,8,2007,12054.2431,169.4052531,2497.383755
1,8,2007,12016.44436,178.0718517,2779.266004
1,8,2007,11129.42927,182.3772925,2663.03567
1,8,2007,8863.958717,176.3035639,2028.079668
1,8,2007,3151.991296,107.0673494,542.5469728
1,8,2007,6179.812473,75.84426862,473.3929137
1,8,2007,6851.633412,112.036438,875.3185628
1,8,2007,6203.481563,143.7981738,1069.862638
1,8,2007,4030.995611,114.4852941,621.8311846
1,9,2007,2467.439046,82.0150354,275.8298838
1,9,2007,550.2257321,56.69845231,12.04308752
1,9,2007,1704.468107,38.88193243,92.17287218
1,9,2007,994.7423278,38.27982144,32.97833392
1,9,2007,1956.017595,25.02393044,56.56232165
1,9,2007,6063.13846,30.34760923,181.2610979
1,9,2007,8974.166392,74.60712134,668.2715759
1,9,2007,10385.34208,124.937262,1344.296271
1,9,2007,11176.38592,161.7302958,2100.541021
1,9,2007,11489.40516,180.4611337,2432.578962
1,9,2007,10862.2403,195.7868616,2694.556519
1,9,2007,9424.706499,205.693274,2444.678339
1,9,2007,5853.605784,177.1941337,1422.342922
1,9,2007,433.6842506,93.12948959,0.424279653
1,9,2007,4788.064657,72.85987228,338.7096939
1,9,2007,7021.025352,116.599274,953.4386048
1,9,2007,6654.073751,122.8144347,996.9048929
1,9,2007,5601.681494,130.4438373,933.6455639
1,9,2007,2420.704476,81.76267365,296.5730991
1,10,2007,3612.217386,84.15629192,391.0376015
1,10,2007,1438.037856,52.75459195,110.6096788
1,10,2007,674.1530061,32.99578877,31.66159582
1,10,2007,2037.032205,23.83584722,55.87899903
1,10,2007,4811.841544,24.61428176,117.4660675
1,10,2007,7684.644091,56.62302899,382.7676944
1,10,2007,9463.729741,109.2681291,935.3280775
1,10,2007,10727.16172,141.1757895,1562.513451
1,10,2007,10424.92011,166.7715083,2032.447805
1,10,2007,9487.521813,172.1924615,1969.733238
1,10,2007,6153.932767,143.599355,1145.673341
1,10,2007,4213.811606,64.47704384,301.5366094
1,10,2007,7002.486347,120.0342592,974.7118337
1,10,2007,7695.377812,126.3531171,1116.537195
1,10,2007,6818.896441,144.6152832,1292.71321
1,10,2007,4548.231734,97.22814981,668.8347832
1,11,2007,6625.406951,36.7365765,191.6105442
1,11,2007,8243.028729,64.39451262,449.7420525
1,11,2007,8987.246702,83.66961895,727.8447358
1,11,2007,9320.126424,90.26430395,889.1095185
4,8,2007,8733.725085,77.80014786,882.8371493
4,8,2007,7879.260203,76.51577715,853.6015813
4,8,2007,5329.224647,72.62301542,576.8984134
4,8,2007,2303.895631,52.74067689,160.9115984
4,8,2007,1473.354759,30.171311,61.29810219
4,8,2007,2826.045774,27.15657223,94.04564081
4,8,2007,3033.991809,24.07177027,86.69081761
4,8,2007,2163.135936,23.353713,56.88471333
4,8,2007,503.1910952,27.00802903,15.72579337
4,8,2007,3655.223348,25.13566976,95.33058998
4,8,2007,6521.530311,26.90921438,193.8687234
4,8,2007,6261.294516,38.92773097,254.4107059
4,8,2007,4303.533036,44.37638293,245.5812048
4,9,2007,860.7056603,68.23821196,79.42984531
4,9,2007,5153.23542,50.33687948,324.0461512
4,9,2007,7296.375824,60.60137532,509.1392339
4,9,2007,7521.615197,62.58310585,575.1439576
4,9,2007,6892.909238,64.73509804,600.3152612
4,9,2007,4993.294845,58.28172111,391.3607191
4,9,2007,2174.298396,41.90250784,124.4024042
4,9,2007,994.920291,26.66153305,30.42778353
4,9,2007,734.7973364,24.75821981,19.73479021
4,9,2007,745.3225796,25.90933663,21.50699515
4,9,2007,2580.927953,23.2261158,69.85238867
4,9,2007,4551.084797,22.83680395,127.3577432
4,9,2007,4941.426233,28.5777192,145.1677049
4,9,2007,3865.922501,29.78379479,126.3685774
4,9,2007,1407.760241,29.42980351,49.09389081
4,10,2007,5464.932874,84.91890399,594.731458
4,10,2007,4311.325606,44.62766698,242.3493873
4,10,2007,6170.918258,49.13810396,344.7218963
4,10,2007,7045.815253,55.86627277,468.6962969
4,10,2007,4079.548281,44.52258836,236.5896577
4,10,2007,2969.626235,35.85966862,137.6800836
4,10,2007,2108.223845,28.40495973,81.34580094
4,10,2007,2044.599637,24.88844487,60.46143544
4,10,2007,2679.153426,25.2015946,80.82191335
4,10,2007,3439.95744,25.49957762,97.54397325
4,10,2007,3993.015034,25.18513197,112.1580522
4,10,2007,3350.700098,24.04924948,86.90819374
4,10,2007,1022.587393,24.308162,25.46066759
4,15,2007,2343.666166,46.60219736,131.2480311
4,15,2007,5831.192576,44.85867689,317.1511593
4,15,2007,8466.455493,58.77679297,570.2343784
4,15,2007,9417.669318,72.3471242,770.1967164
4,15,2007,9576.093035,87.41278811,986.1384755
4,15,2007,9386.493945,98.55429457,1088.18803
4,15,2007,6129.977589,61.52984834,468.7913359
4,15,2007,8198.796369,73.01918508,644.1752118
4,15,2007,8805.664047,85.74434229,829.2081239
4,15,2007,8497.801589,91.39714969,887.7802416
4,15,2007,5821.736332,92.39629144,662.5533289
4,16,2007,4878.422941,67.64002206,489.2705143
4,16,2007,2095.194163,48.57733673,133.4221245
4,16,2007,5753.89973,54.65971347,374.453406
4,16,2007,8386.598563,67.05305014,608.0449538
4,16,2007,9315.440243,74.04082895,775.0151168
4,16,2007,9699.833056,90.8135864,993.6000125
4,16,2007,9379.580786,98.35068052,1050.283924
4,16,2007,8522.0322,92.93142024,910.0711109
4,16,2007,999.168343,72.54283116,84.16132918
4,16,2007,1444.552999,61.26129321,122.320359
4,16,2007,6061.076504,62.66959546,462.9842272
4,16,2007,8708.749828,77.20547104,719.0142174
4,16,2007,9401.621505,87.11772413,897.3159117
4,16,2007,9297.777262,95.03859936,991.6197612
4,17,2007,1053.217427,53.57531334,76.95105751
4,17,2007,5849.761938,46.00026789,321.147832
7,3,2007,4334.0141,68.84593472,279.6560302
7,3,2007,7801.965984,105.1192823,742.0899387
7,13,2007,7893.375607,126.5005207,990.2647802
7,13,2007,7131.641196,133.9944208,1087.060323
7,13,2007,4840.96448,108.6517382,587.2958742
7,13,2007,816.8620723,42.49949525,37.97227695
7,13,2007,3699.44432,33.77212522,137.7404531
7,13,2007,6596.637454,45.44829501,293.7241017
7,13,2007,9163.673173,95.96893212,802.3217392
7,14,2007,1387.423255,57.36837094,87.63953558
7,14,2007,5021.645601,66.33530818,307.876349
7,14,2007,7509.358053,101.5342669,654.6744824
7,14,2007,8013.973682,118.0717744,859.4930605
7,14,2007,7100.726911,120.8158758,908.5909189
7,14,2007,4535.240258,100.8729223,488.2079064
7,14,2007,3359.252013,26.33725163,101.9403912
7,14,2007,7284.885272,49.40272133,307.0195591
7,14,2007,9759.247226,111.814217,990.8812484
7,14,2007,10580.82384,172.3104399,1932.986504
7,14,2007,12131.78883,252.7043948,3503.939609
7,15,2007,5871.587782,153.182116,1122.364623
7,15,2007,2979.586119,51.23204443,188.5060559
7,15,2007,6412.566387,69.10009201,347.7445961
7,15,2007,8453.833782,105.805537,782.0564397
7,15,2007,8668.646146,136.0193289,1174.67353
7,15,2007,2702.962407,72.70993272,253.4961936
7,15,2007,2747.800169,25.38728899,84.37122951
7,15,2007,6847.359029,40.94554713,257.9117282
7,15,2007,9839.008599,97.53222142,885.7020071
7,15,2007,11247.6072,144.1086984,1710.325112
7,15,2007,11987.46861,194.3260213,2704.281756
7,16,2007,5295.211438,65.64686593,358.5835973
7,16,2007,8369.891399,107.4469394,777.5531774
7,16,2007,8898.924948,127.4274732,1161.209168
7,16,2007,8935.63752,142.3774273,1399.782917
4,25,2008,6935.188425,70.92881629,533.335162
4,25,2008,8313.317606,88.03537063,828.9897016
4,25,2008,8625.919538,109.977409,1141.918154
4,25,2008,8020.842299,100.4039294,1046.596143
4,25,2008,5343.883257,83.62301291,596.3251333
4,25,2008,1958.481023,60.49379987,145.8369037
4,25,2008,1956.110217,45.19768441,83.99142323
4,25,2008,2834.530193,44.72384432,119.6683502
4,25,2008,1952.456116,45.08052117,76.64071532
4,25,2008,1175.098047,45.95266674,59.79505187
4,25,2008,4119.166254,45.29345422,176.7005309
4,25,2008,5326.957334,59.24727514,292.2441038
4,25,2008,4296.10208,57.42479596,233.6714687
4,25,2008,2053.919617,52.99431005,102.0134641
4,25,2008,7112.231951,60.47984388,417.5752678
4,25,2008,9354.057006,83.31875281,807.1629477
4,25,2008,10520.06406,113.001063,1360.230338
4,26,2008,10739.68367,133.7529361,1653.620346
4,26,2008,10182.49996,135.1197757,1690.805995
4,26,2008,2327.436661,76.60017959,221.5235147
4,26,2008,6461.934671,73.10065697,500.8700312
4,26,2008,8091.011745,89.90461381,820.2845563
4,26,2008,8115.48667,100.7596081,1005.305581
4,26,2008,7034.820171,85.74242598,764.8403165
4,26,2008,4727.893072,75.2370189,438.9612409
4,26,2008,1285.180871,46.23626852,58.87465732
4,26,2008,2702.35696,49.53481968,137.6771202
4,26,2008,3014.130023,57.53785644,192.4174498
4,26,2008,1396.598748,59.7924743,79.1852005
4,27,2008,10717.44996,121.7427118,1551.764526
4,27,2008,10613.04015,125.0495463,1665.523518
4,27,2008,10677.86154,125.6243318,1726.903526
4,27,2008,9870.945413,124.9988776,1635.601211
4,27,2008,8074.486543,126.2106641,1340.813126
4,27,2008,3542.658458,99.09116055,494.4847599
4,27,2008,6494.322855,63.1562628,452.0167633
4,27,2008,7894.12402,76.1040704,694.8400542
4,27,2008,7988.215917,78.93319838,816.6116702
4,27,2008,6650.854914,74.2025799,669.8073346
4,27,2008,5060.492995,68.84524391,445.633959
4,27,2008,3388.337789,50.72953955,172.0236755
4,27,2008,6519.578018,51.5239234,337.1334729
4,27,2008,8823.762607,65.41747638,638.7029972
4,28,2008,9963.317966,93.43890528,1068.862413
4,28,2008,10583.40938,116.92816,1499.666824
4,28,2008,10533.90656,122.2401773,1555.248456
4,28,2008,10104.83028,125.5905938,1600.332032
4,28,2008,9501.856649,120.8180263,1545.04927
4,28,2008,8608.352787,124.5971334,1453.127188
4,28,2008,6767.712127,122.5206784,1158.822794
4,28,2008,4654.349233,107.6776314,707.7500498
4,28,2008,3740.414843,55.84365748,245.8084305
4,28,2008,6892.902731,71.50046645,545.6912599
4,28,2008,8253.324984,80.10359212,753.8638607
4,28,2008,8405.677601,88.97622141,944.8558963
4,28,2008,7516.485554,80.63787617,808.7474791
4,28,2008,5644.11378,65.87279428,513.989933
4,28,2008,4169.88901,60.28566934,301.9849186
4,28,2008,4745.804515,44.64875558,267.7700425
4,28,2008,7232.608663,49.42733925,398.0998093
4,29,2008,8961.609758,76.85934846,773.1323834
4,29,2008,9631.298098,101.2186466,1101.316209
4,29,2008,9990.108414,120.958406,1400.814088
4,29,2008,9843.292616,116.2065311,1362.263695
4,29,2008,9793.531291,118.0846302,1442.342297
4,29,2008,8956.375864,112.8433158,1336.06351
4,29,2008,6255.903611,117.192859,959.7884271
7,2,2008,9292.513919,34.17758336,297.1367061
7,2,2008,11278.18771,62.76881722,745.9358829
7,2,2008,12398.73215,92.09071057,1352.803741
7,2,2008,12861.93315,96.34819137,1550.378033
7,2,2008,12903.9755,106.5308969,1784.917157
7,2,2008,12737.51538,121.8668795,2073.009617
7,2,2008,12384.79879,125.6418668,2077.216029
7,3,2008,11424.9574,120.584778,1903.554912
7,3,2008,2189.132006,31.06653902,102.3434824
7,3,2008,6856.08117,32.35585981,217.1578954
7,3,2008,9295.249982,51.6969135,454.3656856
7,3,2008,9435.596869,70.03357012,724.9087357
7,3,2008,7234.326971,74.4569991,639.9794174
7,3,2008,3313.290144,53.4144539,227.2425202
7,3,2008,1215.028807,8.523104028,13.14361696
7,3,2008,5837.34803,13.04599673,81.13572158
7,3,2008,9770.958547,36.93367207,351.521048
7,3,2008,11779.09585,68.68105171,880.3982126
7,3,2008,12469.09299,89.67953832,1332.761667
7,3,2008,12774.25769,96.32524771,1544.682778
7,3,2008,12857.10469,107.5407791,1792.414555
7,3,2008,12849.00236,123.7625061,2056.499097
7,4,2008,12478.81092,123.3597842,1974.989761
7,4,2008,11815.82841,126.6687635,1987.021388
7,4,2008,2400.680175,44.02471045,157.2216719
7,4,2008,2766.25785,26.22262403,104.1436542
7,4,2008,7379.757474,39.04172486,274.5767079
7,4,2008,9414.846442,58.79031537,523.1680148
7,4,2008,9110.278535,74.46347,727.6177136
7,4,2008,6674.503015,76.30226834,638.5071302
7,4,2008,2914.162439,12.00964215,41.65933959
7,4,2008,7519.107109,26.71076201,181.5882832
7,4,2008,10384.61188,53.92418974,569.9268622
7,4,2008,11899.45229,79.69224191,1025.687038
7,4,2008,12569.88147,86.80005045,1260.219704
7,4,2008,12933.49329,102.5548822,1638.070486
7,4,2008,13150.94567,116.4492153,1991.39339
7,5,2008,12492.30877,124.2375049,1947.052976
7,5,2008,12360.42946,122.6038883,2035.891503
9,26,2008,10518.10992,94.69375141,1140.338683
9,26,2008,13400.09716,124.4831437,1858.577844
9,26,2008,14400.44699,145.5367034,2318.246051
9,26,2008,8937.997918,57.52807351,1244.51007
9,26,2008,13929.56607,153.3590217,2615.991228
9,26,2008,14816.25831,154.9300286,2606.296592
9,26,2008,14315.81269,163.808121,2629.280123
9,27,2008,12698.10159,116.1957341,1661.209123
9,27,2008,13804.57382,134.7456677,2043.83321
9,27,2008,14526.08626,147.703067,2351.471591
9,27,2008,15021.41088,139.2444663,2312.296379
9,27,2008,14556.25594,143.8182722,2334.488148
9,27,2008,12927.69285,138.5011087,1964.412319
9,27,2008,10461.72776,115.3878586,1511.353085
9,27,2008,7301.091317,75.97740021,748.6161351
9,27,2008,6581.677561,46.87144003,453.7905095
9,27,2008,8349.486354,40.74449082,440.8443704
9,27,2008,11180.07716,75.77774493,936.8183814
9,27,2008,12991.60086,112.0352082,1494.016438
9,27,2008,14603.32488,126.8553988,2035.727234
9,27,2008,15419.79687,133.4721036,2361.612199
9,27,2008,16244.80404,138.0238631,2604.374799
9,27,2008,15331.05165,152.188698,2685.827424
9,28,2008,8443.811736,25.6193408,293.2886469
9,28,2008,12212.39986,92.90661119,1264.198419
9,28,2008,13635.09824,114.4304944,1844.216628
9,28,2008,14551.55654,134.5837902,2138.595104
9,28,2008,15652.23535,141.2264457,2415.990969
9,28,2008,15048.62284,144.3840728,2479.146247
9,28,2008,13993.12603,152.1454495,2253.352633
9,28,2008,11927.83454,146.8956641,1974.971544
9,28,2008,9707.577393,106.9546403,1250.304876
9,28,2008,5341.616422,59.01984946,438.8042389
9,28,2008,4502.883073,28.2935958,196.4014956
9,28,2008,6760.235628,20.70743358,218.6487485
9,28,2008,10738.31434,55.59350461,626.5625014
9,28,2008,13567.74888,100.073708,1458.294008
9,28,2008,14910.82374,134.5957774,2134.298739
9,28,2008,15625.23802,153.8498904,2640.740543
9,28,2008,15666.54201,157.9637143,2852.046749
9,29,2008,7538.860811,16.48871914,151.5737965
9,29,2008,11508.64187,69.29163427,1056.099025
9,29,2008,13217.61191,110.821676,1629.05344
9,29,2008,14592.24944,131.2932255,2089.280718
9,29,2008,14880.91326,146.3310449,2370.415695
9,29,2008,15426.96831,144.3269131,2611.295827
9,29,2008,15826.20413,149.4202081,2628.678737
9,29,2008,14019.53305,141.592566,2231.964461
9,29,2008,11950.64807,143.3097276,2105.313146
9,29,2008,6502.562546,69.72499497,637.2288385
9,29,2008,3029.996503,39.92872906,236.5626303
1,7,2009,12198.18188,98.63488643,1524.927455
1,7,2009,11719.55537,107.3011081,1604.314072
1,7,2009,10763.15236,113.0652742,1529.684335
1,7,2009,7474.712076,97.51293021,980.0565463
1,7,2009,3219.528517,64.05700627,295.346636
1,7,2009,565.7534756,25.3831904,17.53100901
1,7,2009,2127.425942,17.61146098,50.13811101
1,7,2009,2309.37186,16.12486401,36.42047968
1,7,2009,1627.442933,12.41109973,22.66247593
1,7,2009,704.5480686,7.856225434,6.531600358
1,7,2009,2556.208873,10.62697818,23.81605969
1,7,2009,4004.83114,11.43574552,41.20784564
1,7,2009,4537.704377,13.71490778,66.85135481
1,8,2009,133.8710566,10.99838833,0.248210457
1,8,2009,4254.84686,11.32963097,47.6781844
1,8,2009,8552.26098,26.9682669,230.6886205
1,8,2009,10776.68636,65.07523429,732.209204
1,8,2009,11921.2144,79.92830743,1168.314772
1,8,2009,12179.1642,97.10254838,1482.239375
1,8,2009,12177.8201,104.3458512,1642.177119
1,8,2009,11718.52408,114.243892,1732.890179
1,8,2009,8433.254145,101.3534343,1133.644506
1,8,2009,1131.416097,58.16930639,95.80082002
1,8,2009,2334.409767,28.78977868,93.15334292
1,8,2009,4271.866107,27.35765752,127.6087183
1,8,2009,4700.295698,34.1263973,170.432759
1,8,2009,2301.936063,24.13709292,66.41258224
1,8,2009,543.679693,16.41552736,9.519157191
1,8,2009,2441.83325,15.75921973,47.62497928
1,9,2009,3149.000267,16.05508683,67.87194935
1,9,2009,2367.445488,15.23052083,47.45555587
1,9,2009,12233.88629,98.40875933,1509.550071
1,9,2009,12361.62214,113.8015333,1874.765254
1,9,2009,11157.02731,111.8987395,1654.493046
1,9,2009,8337.284168,105.0716967,1228.973385
1,9,2009,4400.300234,29.32504294,165.6787618
1,9,2009,6361.244541,48.33807911,336.9750723
1,9,2009,6499.433126,47.89133723,375.6092399
1,9,2009,5501.825494,58.88151866,380.1794513
1,9,2009,3083.113399,40.17418412,172.5618046
1,9,2009,868.6751345,25.62787273,30.19310958
1,9,2009,3628.039557,22.6356888,97.83835594
1,9,2009,810.0897677,27.86506884,27.33205258
1,10,2009,3210.122014,21.67394762,92.23311769
1,10,2009,3912.3442,25.85399011,127.6058958
1,10,2009,2488.397197,24.58304769,77.80546916
4,13,2009,5985.982256,49.48598768,459.1883111
4,13,2009,5667.060628,25.20705829,158.0139624
4,13,2009,7937.355125,48.84617305,373.5206864
4,13,2009,2869.025494,30.13844731,89.55594644
4,13,2009,8444.543548,39.6010699,312.8490894
4,13,2009,9157.891367,42.29503386,497.6931984
4,13,2009,7281.503024,49.96187156,511.4997034
4,13,2009,3808.09754,42.4772532,243.0980558
4,14,2009,6994.083,40.31931248,293.3247668
4,14,2009,9353.951842,50.64380039,526.8597401
4,14,2009,9486.171188,49.842547,580.2933656
4,14,2009,8019.426548,53.23591415,576.322501
4,14,2009,5186.457449,46.34049432,362.1183362
4,14,2009,3571.779136,18.57246597,77.03856432
4,14,2009,5870.808458,25.97801518,146.9995698
4,14,2009,6360.540897,34.21503968,209.752079
4,14,2009,4682.474087,12.32580528,74.03708466
4,14,2009,7213.17077,31.37531141,213.8944768
4,14,2009,6754.755968,33.40756038,270.3972423
4,14,2009,4211.908889,33.30830681,179.8352274
4,14,2009,1032.092825,22.63730331,31.71268106
4,15,2009,1994.559949,34.2892772,95.45427069
4,15,2009,6670.064379,35.02976378,249.5611333
4,15,2009,8348.691506,46.53166628,455.9303236
4,15,2009,8098.162705,56.57716821,590.5909185
4,15,2009,6748.304176,41.32057768,410.9660177
4,15,2009,3105.230371,29.45052911,148.6651405
4,15,2009,4287.93814,18.14229064,74.52215416
4,15,2009,3658.415276,17.86137611,61.40191227
4,15,2009,2399.803728,13.62346036,40.57125194
4,15,2009,5059.826514,18.40160365,96.22370613
4,16,2009,2885.823676,57.13601057,221.0806941
4,16,2009,2898.230039,34.35464396,132.3093786
4,16,2009,6253.973553,33.4893898,225.0169478
4,16,2009,7550.367464,40.69677651,356.8524083
4,16,2009,7364.924802,40.78374018,386.7254318
4,16,2009,6115.149715,36.71633592,313.6569426
4,16,2009,3784.045474,25.88209303,167.5062753
4,16,2009,652.2013674,13.2160388,9.661688937
4,16,2009,1018.843879,12.20570393,17.72952628
4,16,2009,2733.394477,14.94596855,50.01084515
4,16,2009,3631.159635,14.41124387,64.1456539
4,16,2009,3199.51033,14.28260892,63.55273425
4,16,2009,2020.950806,12.92172903,31.50080186
4,16,2009,5828.702307,18.00064152,109.9981243
4,16,2009,7995.999172,36.18298096,303.3894526
4,17,2009,9403.052518,49.36610181,471.9765179
4,17,2009,9778.313676,72.72540769,806.4599048
4,17,2009,9387.112432,77.39055072,850.0918132
4,17,2009,8717.482018,69.92690592,720.9471603
4,17,2009,7417.767448,66.11666564,584.714128
4,17,2009,2329.773589,48.67565512,151.2306254
7,22,2009,2919.344626,45.06118533,172.472132
7,22,2009,7974.278996,72.27479868,513.2903283
7,22,2009,10570.87352,145.7406689,1426.593931
7,22,2009,11859.81099,188.9661285,2452.281132
7,22,2009,11178.08404,222.840186,2863.791561
7,22,2009,10065.25832,224.2927077,2532.068961
7,22,2009,7389.522775,157.2576901,1480.510448
7,22,2009,3243.376111,112.5937233,460.5619106
7,22,2009,4168.273494,31.38555208,163.0935858
7,22,2009,8806.665574,68.26255217,594.8275029
7,23,2009,1846.658148,58.99300309,134.9202667
7,23,2009,3904.446323,39.46527845,195.6299907
7,23,2009,9913.639142,80.84377007,804.0748214
7,23,2009,11892.2752,167.3012841,2033.84822
7,23,2009,12322.55771,193.2713468,2769.033994
7,23,2009,6197.924497,165.2105931,1306.368097
7,23,2009,1778.445257,39.58648982,77.51891172
7,23,2009,16.95416579,30.39428014,0.611149609
7,23,2009,3484.01783,33.21630918,153.2483897
7,24,2009,3514.371528,82.66286106,306.0932084
7,24,2009,7396.785777,49.91097679,378.5919767
7,24,2009,13013.16094,187.0464974,2588.193522
7,24,2009,12660.17935,211.4326811,2868.811859
7,24,2009,13470.51654,223.3335354,3281.330749
7,24,2009,11644.74615,211.9808549,2730.261256
7,24,2009,6119.921269,150.1581291,1142.792898
7,24,2009,2146.723737,40.54768798,102.0597434
7,24,2009,1062.872941,32.92995976,30.94254086
7,24,2009,3494.28405,26.52361226,106.0156961
7,24,2009,8658.208186,55.97884601,429.4910923
7,25,2009,4276.504516,76.97539259,324.0054862
7,25,2009,2064.069619,53.28907103,163.4122494
7,25,2009,3906.544666,34.61847432,206.181831
7,25,2009,9994.542786,79.23142543,754.8689403
7,25,2009,12893.98079,186.0728142,2522.934145
7,25,2009,13168.10661,217.6943353,3330.831877
7,25,2009,13784.95642,248.4992465,3872.749868
7,25,2009,12862.25345,243.0851761,3520.00266
7,25,2009,12366.83716,248.9937659,3467.445374
7,25,2009,7539.29891,191.2104117,1786.570264
7,25,2009,1856.89768,47.33592479,92.28026703
7,26,2009,3740.725736,80.28640085,368.4280791
7,26,2009,3623.858179,81.07978648,300.4516588
7,26,2009,6733.644271,47.04537939,252.0140383
7,26,2009,11599.4634,148.1742568,1743.905444
10,3,2009,11869.85614,67.43073012,1048.305826
10,3,2009,14543.92875,122.5347503,2071.904621
10,3,2009,15051.28685,128.6792308,2229.586073
10,3,2009,14956.1532,139.683147,2475.440889
10,3,2009,12031.51164,140.3170127,1915.163212
10,3,2009,7981.744896,99.49853953,1137.487479
10,3,2009,4324.619602,42.95176507,314.9900938
10,3,2009,3390.260974,26.47089139,193.5130165
10,3,2009,6281.509183,19.23152543,193.4215511
10,3,2009,9343.762544,43.39035766,436.4096272
10,3,2009,12175.10067,81.46296702,1011.22681
10,4,2009,7053.374467,16.54929598,182.1179116
10,4,2009,11187.50977,51.94253622,649.7647726
10,4,2009,13489.46459,88.20689146,1342.903001
10,4,2009,14561.05386,119.5536123,2005.669881
10,4,2009,15248.10305,128.3521038,2242.984793
10,4,2009,15390.14427,133.4559774,2442.542865
10,4,2009,15896.72078,144.4046906,2546.612392
10,4,2009,14023.38823,150.4439712,2426.914755
10,4,2009,11579.84802,137.4504047,1953.91639
10,4,2009,5276.662334,79.81663953,670.2718954
10,4,2009,2804.160049,32.74849096,207.4471616
10,4,2009,3133.052876,19.8505553,126.2477207
10,4,2009,6351.267205,17.19330656,182.0621844
10,4,2009,10591.2291,50.09577019,678.9121834
10,5,2009,9962.213391,44.79512731,537.8931279
10,5,2009,13264.14212,83.03610163,1238.351992
10,5,2009,14682.3576,106.0875385,1742.304658
10,5,2009,15508.46062,124.3925735,2202.317087
10,5,2009,15087.36779,134.5848873,2494.438996
10,5,2009,15248.8802,144.5680416,2629.654429
10,5,2009,14135.04146,147.0132875,2418.551521
1,12,2010,10618.21162,76.76476967,999.0121692
1,12,2010,11058.469,93.3478586,1346.409215
1,12,2010,10186.18398,90.28174034,1239.104791
1,12,2010,7340.925488,86.5297596,880.8693349
1,12,2010,1447.316897,47.42689138,88.53318165
1,12,2010,3827.492145,28.25024692,110.0161979
1,12,2010,6434.699871,39.58808971,274.5158434
1,12,2010,7162.961722,47.04548234,364.5985007
1,12,2010,7086.738138,54.88864168,501.058765
1,12,2010,5446.445531,46.8439236,358.9711443
1,12,2010,3093.848668,41.65442863,204.3348449
1,13,2010,10086.13333,55.70166125,626.7487559
1,13,2010,11155.32,75.67459439,964.7232144
1,13,2010,11005.42631,85.4356799,1246.425885
1,13,2010,10336.54056,82.07956274,1078.94604
1,13,2010,6781.862285,80.78885475,768.6452906
1,13,2010,5533.345389,25.90941504,152.5902371
1,13,2010,7814.338928,43.81711591,390.7235961
1,13,2010,7864.205812,51.62353114,513.1444557
1,13,2010,7240.867473,59.24806277,608.7604486
1,14,2010,9390.641504,44.45624948,404.4771226
1,14,2010,11299.7349,71.24786659,885.3553577
1,14,2010,12168.71496,95.90013348,1390.028132
1,14,2010,11965.39573,101.1616206,1461.74671
1,14,2010,11983.97956,95.16996878,1490.145739
1,14,2010,10816.5635,96.79960492,1357.326563
1,14,2010,9326.305213,100.0849799,1264.898631
1,14,2010,2917.777842,67.18867372,259.5856523
1,14,2010,3663.344491,30.76170458,123.0753447
1,14,2010,7145.557058,47.19986932,377.8048438
1,14,2010,8384.601855,55.09723625,562.6217625
1,14,2010,7419.593242,59.32496139,643.6991869
1,14,2010,5701.208725,52.76334497,444.925296
1,14,2010,2411.322905,39.18488055,150.2353871
1,15,2010,7158.347045,23.55030863,168.903162
1,15,2010,10421.88985,54.30361336,578.1004642
1,15,2010,11633.55137,84.52098739,1140.576475
1,15,2010,12290.9786,104.7428471,1497.845045
1,15,2010,12139.28415,108.7298411,1583.608647
1,15,2010,11997.80623,106.4120087,1579.400417
1,15,2010,10981.51107,102.2396028,1362.778695
1,15,2010,8171.53425,99.38643193,1049.762329
1,15,2010,627.5667164,42.74488011,48.38777845
1,15,2010,8109.519491,58.02645515,478.9631723
1,15,2010,6496.270087,56.43079978,531.6992659
1,15,2010,3535.323828,47.28043068,248.914558
1,16,2010,5601.355807,34.74161025,206.5274154
1,16,2010,4836.953009,34.47011167,213.0083508
1,16,2010,1119.995017,29.46997925,47.81201115
1,16,2010,3995.444435,24.74937759,122.4051453
1,16,2010,8775.724139,41.4535594,353.1299663
1,16,2010,11243.74011,70.78104989,843.30414
1,16,2010,12343.26381,95.68312681,1341.549262
1,16,2010,12239.77053,109.3777827,1569.297308
1,16,2010,12088.67542,102.8651581,1586.74198
1,16,2010,11508.82717,105.6874826,1535.412215
1,16,2010,10471.30894,102.6036439,1347.775462
1,16,2010,3845.101392,84.31359397,443.5815445
1,16,2010,3844.497473,41.89048523,199.5234756
1,16,2010,7778.917502,56.27070437,520.0370549
1,16,2010,8304.734683,62.05977338,606.5509726
1,16,2010,7252.017975,63.28694667,660.3571635
1,16,2010,4756.04619,51.48287268,372.3912508
1,17,2010,4296.637296,42.23582464,221.1057567
1,17,2010,1667.024227,46.63273513,103.7096842
1,17,2010,7057.178974,50.09018706,352.0570938
1,17,2010,9096.001855,66.29059064,658.2215226
5,8,10,9745.448143,71.28318117,853.9511543
5,8,10,8802.298332,70.87052643,804.2144324
5,8,10,6215.243822,69.30197525,573.4960415
5,8,10,2111.970854,46.93829262,128.5260456
5,8,10,5114.5988,49.68480682,323.1954504
5,8,10,7458.895256,67.120497,618.8132724
5,9,10,7852.332563,50.11076193,482.8713678
5,9,10,8195.50796,56.91118011,567.1466303
5,9,10,7797.680588,58.36232739,587.6906325
5,9,10,5022.872803,60.17844962,377.7126442
5,9,10,5497.911382,37.37850144,242.4322076
5,9,10,7237.753735,33.11411656,309.4602327
5,9,10,10018.65432,62.49822371,743.366003
5,9,10,9631.892642,62.22870094,722.6487836
5,9,10,7566.138014,62.57455796,624.8399197
5,9,10,4200.394079,59.83121329,343.6639001
5,9,10,4939.71029,51.43143819,309.8550565
5,9,10,7377.591812,62.61334653,543.5807553
5,9,10,8769.380705,82.25836722,874.4321181
5,10,10,5719.529592,51.79665204,360.4994341
5,10,10,7731.818811,57.37208739,525.0088447
5,10,10,8121.390401,62.19799116,617.7993254
5,10,10,7873.180192,62.52959146,606.7247909
5,10,10,6274.30759,47.42114318,334.6966378
5,10,10,9282.614561,53.46923248,580.8908446
5,10,10,10088.39249,60.24069932,727.7984032
5,10,10,9294.309796,57.94331135,650.7968002
5,10,10,5923.203917,62.72786717,460.0503336
5,10,10,4130.748426,43.50193022,215.3868633
5,11,10,2091.074618,65.40591025,168.4258909
5,11,10,5974.839274,65.19773474,474.2709499
5,11,10,7835.291115,76.80723295,744.2774794
5,11,10,8395.229383,78.22610785,797.5747822
5,11,10,7094.231055,76.24341801,688.3650757
5,11,10,2696.992448,65.36946264,230.1914511
5,11,10,3894.91749,52.8671362,260.7011261
5,11,10,8098.26019,73.55917514,698.831654
5,11,10,9432.835874,77.84135485,870.507384
5,11,10,8985.73921,91.13101651,924.8823224
5,11,10,6432.165555,76.22553876,590.6685892
5,11,10,2272.919012,72.7945712,193.7990399
5,11,10,3287.358437,64.294719,248.7513334
5,11,10,8830.189066,85.80004991,918.9392352
5,11,10,9589.567708,104.7517869,1205.635979
5,12,10,2214.550191,77.13175336,212.3733863
5,12,10,1863.122492,69.28746538,161.5302498
5,12,10,5989.646972,67.4327407,471.0994524
5,12,10,7504.286356,76.02845703,654.7076187
5,12,10,7773.991702,75.98873523,690.7547284
5,12,10,6174.78872,77.99906575,550.7617671
5,12,10,5363.984478,68.56282072,382.7910865
5,12,10,9222.110925,81.47535124,814.6859541
5,12,10,9695.368318,89.70887163,999.3280936
5,12,10,8483.20301,81.36416355,810.9745618
5,12,10,4421.136076,77.49402707,411.0246154
5,13,10,6296.937534,87.9534694,714.8561582
5,13,10,2122.84838,72.2891088,200.9269976
5,13,10,3352.163457,66.60519028,249.261037
5,13,10,6669.32737,73.05188395,497.7907484
5,13,10,7765.914002,77.35880973,629.7984913
5,13,10,7426.634463,77.02557919,618.5262706
5,13,10,4481.701783,71.72379808,348.5299197
5,13,10,1752.387038,60.52400661,114.902284
5,13,10,6813.728563,69.30066745,460.5698344
5,13,10,9350.259235,88.73612565,956.9739306
7,8,10,3765.262275,19.44358701,91.22120044
7,8,10,2496.838504,15.77563352,51.97108623
7,8,10,2315.195735,10.65515249,37.33519848
7,8,10,3614.471855,12.46965823,62.58800877
7,8,10,3541.619375,13.2870533,67.67499743
7,8,10,1541.309901,11.6832487,27.93343724
7,8,10,2664.682903,10.50602291,40.25512048
7,8,10,5973.388515,18.81833397,125.0713077
7,8,10,8962.187632,37.29480034,355.8328679
7,8,10,10420.95318,62.15851101,705.8228815
7,9,10,1376.160398,24.28530834,55.02515169
7,9,10,3442.910711,16.42606941,79.86729803
7,9,10,3769.222219,17.33657124,77.8264875
7,9,10,2369.689737,14.62886246,40.31999958
7,9,10,1565.280216,9.224074458,18.51958885
7,9,10,2526.395129,11.13812006,39.39230919
7,9,10,856.7754473,10.40599751,12.80575342
7,9,10,4475.720976,11.84833836,54.79371229
7,9,10,7414.095272,23.36896109,163.8933409
7,9,10,9714.78804,46.61916556,495.5898487
7,10,10,2519.871871,24.70401107,93.06687284
7,10,10,3977.368019,20.66198834,106.4260412
7,10,10,4174.527701,16.70218799,84.73111038
7,10,10,2778.59218,16.21055344,53.9877574
7,10,10,2683.633617,9.924558925,36.02576143
7,10,10,3599.701421,11.65603485,55.26745747
7,10,10,2954.771223,14.03225693,54.04997452
7,10,10,382.6194194,11.61758043,5.876145941
7,10,10,3873.234051,12.44713523,51.9593661
7,10,10,7995.937828,25.79842353,199.247672
7,10,10,10898.24053,59.58286325,652.9931279
7,10,10,10828.06694,58.68702115,698.4895945
7,10,10,11862.38026,92.31088482,1271.857693
7,11,10,4520.948148,62.46949146,412.5450946
7,11,10,3112.443841,23.96780102,115.3434353
7,11,10,5223.322327,24.09585738,158.5377413
7,11,10,5013.213752,32.70045913,185.7906182
7,11,10,2434.060764,21.92508823,58.88993554
7,11,10,1483.75773,12.83653274,31.95847902
7,11,10,4495.207484,12.4862692,83.30729917
7,11,10,5594.451683,21.43958596,143.3184362
7,11,10,3827.715173,22.00853156,115.2870205
7,11,10,5378.222314,16.99009222,110.4247124
7,11,10,8347.089926,34.87023309,283.5349329
7,11,10,10881.2586,57.53723628,634.3036533
7,12,10,6920.196263,69.48649664,766.8511787
7,12,10,3381.313364,53.55738919,280.4883011
7,12,10,2105.368295,28.69254556,89.04228946
7,12,10,5220.773074,30.09163326,155.5183482
7,12,10,6658.087507,41.91578853,284.7568937
7,12,10,6111.773721,41.24693327,280.2233167
10,10,10,14319.27986,116.9198971,1676.127852
10,10,10,15692.42051,162.7686188,2679.147173
10,10,10,16412.23402,182.1288788,3245.756553
10,10,10,16686.67175,207.0441048,3831.048582
10,10,10,16253.03636,203.1021033,3686.962895
10,10,10,15963.05764,194.9047719,3569.220581
10,10,10,15806.95819,195.033467,3636.439553
10,10,10,10360.9873,173.877194,2200.937305
10,11,10,3561.580497,22.9168628,121.5542603
10,11,10,7798.847414,29.85495649,254.0864831
10,11,10,12861.86411,76.77297341,958.4642774
10,11,10,14719.26693,128.0517665,1996.631126
10,11,10,15816.92256,163.33329,3027.880359
10,11,10,16446.15704,186.6308195,3602.22635
10,11,10,16945.57742,198.6246456,3827.52567
10,11,10,16152.95302,211.0867086,3840.940612
10,11,10,15788.63637,201.3671252,3647.250041
10,11,10,15946.73982,180.9271567,3460.04402
10,11,10,11153.5838,177.2705746,2422.141292
10,12,10,8560.035825,44.50419876,499.5968699
10,12,10,11930.39034,103.7689783,1182.333253
10,12,10,14058.21318,135.7541148,2081.290985
10,12,10,15680.53159,157.5522099,2893.552274
10,12,10,16665.7421,183.6758054,3568.436908
10,12,10,16827.90799,197.2105214,3803.300146
10,12,10,16451.89348,193.6538888,3601.284032
10,12,10,15559.31202,187.3201538,3385.561909
10,12,10,14589.00886,193.6481482,3233.034106
10,12,10,8363.359758,139.6447046,1495.381567
10,13,10,5458.033333,30.30063628,217.6566425
10,13,10,9050.556837,43.08245997,490.7964359
10,13,10,12571.51597,93.19396991,1359.187445
10,13,10,14843.63103,133.1599671,2098.450097
10,13,10,15544.39648,154.467863,2607.263495
10,13,10,16589.30341,193.8295807,3597.542391
10,13,10,16570.74696,189.3499136,3551.716016
5,10,2011,9471.623727,63.94520549,668.3096581
5,10,2011,9303.900178,74.39311104,852.742855
5,10,2011,7692.394563,62.15240948,659.9059903
5,10,2011,4862.424865,48.2081022,365.8908625
5,10,2011,1237.829252,22.82520792,35.72380593
5,10,2011,5284.21433,29.45785715,161.2367253
5,10,2011,4555.010501,30.30670676,147.7883151
5,10,2011,935.9507999,26.44690686,31.61820635
5,10,2011,2521.566562,24.20103337,75.25595432
5,11,2011,9859.821663,97.90569756,1102.410848
5,11,2011,8351.354912,90.0686147,939.6386913
5,11,2011,4013.232457,75.45589053,407.2698444
5,11,2011,3180.096315,45.03425971,178.1338509
5,11,2011,7303.148102,55.05714786,433.365699
5,11,2011,9571.885067,62.87837617,677.5546578
5,11,2011,9617.044767,79.78312866,987.0989425
5,11,2011,8496.513157,64.87430907,796.0408184
5,11,2011,6231.58658,63.93912418,578.1673329
5,11,2011,3042.240718,46.50244115,226.3519752
5,11,2011,1792.043391,29.38062631,71.34367585
5,11,2011,4365.750567,26.53042702,144.2223174
5,11,2011,5610.796225,33.07068755,200.2725116
5,11,2011,6293.031613,38.97297755,254.9903077
5,11,2011,5139.640019,40.9917762,242.184509
5,11,2011,2132.534751,36.57856175,103.4504644
5,11,2011,267.9287141,29.06783686,11.24233241
5,12,2011,7462.684058,77.35917294,725.5198293
5,12,2011,2965.676355,59.09573517,238.7008298
5,12,2011,1247.496618,31.52253632,40.47739631
5,12,2011,7301.790456,49.38175932,390.4075113
5,12,2011,10533.59701,66.80620841,890.0623821
5,12,2011,3142.836592,33.66603626,181.37855
5,12,2011,4549.97629,32.37322238,169.4331973
5,12,2011,6830.448786,49.46933842,348.0241516
5,12,2011,7579.695326,53.57337554,427.7258579
5,12,2011,7806.351902,61.74869422,535.4810129
5,13,2011,8888.709258,47.40150849,448.4352946
5,13,2011,9258.586173,63.65654108,665.0302138
5,13,2011,8833.101924,77.4996437,795.2347654
5,13,2011,7822.972168,73.74287367,706.3725837
5,13,2011,3525.789024,62.23339519,272.1940501
5,13,2011,11350.4197,70.95650267,855.5487825
5,13,2011,10771.75467,62.20919637,823.7857666
5,13,2011,9565.023669,61.54075957,844.4797701
5,13,2011,4024.854342,31.71102118,154.8704201
5,13,2011,7098.876841,47.30710952,348.7047945
5,14,2011,8052.690708,42.07354387,372.1911502
5,14,2011,9243.134968,64.8156091,713.4208819
5,14,2011,8456.415306,73.34787546,725.4914927
5,14,2011,2558.169785,54.52715426,191.4869244
5,14,2011,4475.361528,32.09174319,169.4209584
5,14,2011,11835.40703,63.20740099,882.1075939
5,14,2011,10484.52707,57.23268956,796.6960877
5,14,2011,3403.899547,45.75356097,268.3100796
5,14,2011,7342.739178,40.98847182,339.2416663
5,14,2011,9192.445155,64.77919039,580.9033738
5,14,2011,10054.09347,78.24181661,841.440189
5,15,2011,4670.764274,36.48686489,240.9066526
5,15,2011,7767.935786,50.40869477,417.1304354
5,15,2011,8742.037775,54.18112993,541.4129733
5,15,2011,7948.85634,70.52320379,672.9391225
5,15,2011,2267.756777,57.58430879,155.0357233
7,1,2011,1035.92423,26.99305655,41.14898843
7,1,2011,5551.144793,22.23827169,149.6067732
7,1,2011,8921.652959,38.47698639,335.9620285
7,1,2011,9377.885222,51.72492589,535.8866258
7,1,2011,4108.632601,42.86834473,232.2487888
7,1,2011,2565.676698,19.000698,56.82556172
7,1,2011,6017.455173,14.41265308,109.0031351
7,2,2011,7596.918,66.22182368,585.9541173
7,2,2011,5733.120571,39.25436026,302.7325372
7,2,2011,4217.726576,18.61954247,95.68045421
7,2,2011,8478.353521,20.19290241,160.0886701
7,2,2011,10808.62472,60.76236382,698.7987657
7,2,2011,10684.21053,77.36793118,1023.88043
7,2,2011,7789.4075,71.41217175,743.3437391
7,2,2011,3706.564096,49.51597972,273.829054
7,2,2011,2093.751647,15.4929727,39.50789993
7,2,2011,970.2563943,10.80371444,11.7365818
7,2,2011,7539.005453,15.4519714,127.0020358
7,3,2011,8057.839089,51.69331662,452.3405796
7,3,2011,7027.847035,61.30454825,462.1124444
7,3,2011,3374.699977,45.67240998,180.8279542
7,3,2011,2524.649262,21.94253833,73.79657175
7,3,2011,8594.296033,27.41432873,243.6359293
7,3,2011,11229.05268,49.2106475,538.3572125
7,3,2011,11952.0029,75.47086604,1045.328179
7,3,2011,11268.02955,82.05715074,1121.279262
7,3,2011,8311.652556,76.54034843,846.9682949
7,3,2011,3210.286934,51.36584571,250.5000204
7,3,2011,1917.470899,24.96541669,62.24587291
7,3,2011,3171.924438,23.47873445,78.72498657
7,3,2011,626.9137522,18.46395579,15.81613395
7,3,2011,4758.166915,13.56939582,83.41640081
7,4,2011,5368.295193,45.17319573,280.3475409
7,4,2011,7264.503517,50.91869167,421.0544019
7,4,2011,5785.652131,47.17212271,280.0461302
7,4,2011,6567.179055,19.36827987,140.1391183
7,4,2011,8974.228227,13.05116248,127.5872985
7,4,2011,12255.34194,68.57298842,974.8490286
7,4,2011,12005.85814,58.16714371,979.7396897
7,4,2011,11394.25559,84.84509828,1241.56007
7,4,2011,7807.017805,73.11496287,782.4541446
7,4,2011,2302.346318,42.06245743,151.0777544
7,4,2011,2316.536195,20.20240244,60.39137154
7,4,2011,2744.193016,16.80215732,52.95103551
7,4,2011,365.1623985,13.16768745,7.4559695
7,5,2011,6435.163749,44.91396935,308.7551752
7,5,2011,6201.956962,34.84570008,230.0664358
7,5,2011,2902.020071,37.29967655,121.9836567
7,5,2011,8885.541829,27.99441194,222.9043285
7,5,2011,12436.92877,50.93123846,604.0796107
7,5,2011,12707.31666,47.79077474,679.9312783
7,5,2011,7888.548615,77.9678768,778.4360648
7,5,2011,1826.521607,26.772166,65.17679022
7,5,2011,1321.675583,19.10248012,33.94450159
7,6,2011,4848.905593,41.71460279,257.7294026
7,6,2011,7115.089317,46.7615471,343.0193527
7,6,2011,5456.371404,44.78745141,215.1040729
10,10,2011,17204.51513,176.3572613,3686.103281
10,10,2011,17153.1886,198.402471,4058.904443
10,10,2011,16047.3775,204.4614514,4008.478346
10,10,2011,16614.8357,195.6649442,4088.768014
10,10,2011,16296.63526,207.9035104,4145.092442
10,10,2011,15408.7449,143.6324623,2563.354376
10,10,2011,13256.83395,158.4911202,2706.344157
10,10,2011,11765.99078,124.7495284,1953.806348
10,10,2011,11165.40464,92.17494432,1496.606656
10,10,2011,12889.36313,99.69570953,1810.447447
10,10,2011,15121.93474,118.8352729,2199.034486
10,11,2011,13441.35183,83.93403941,1466.211488
10,11,2011,15965.51396,128.8257222,2329.367509
10,11,2011,17469.39568,170.4697217,3417.21499
10,11,2011,16887.25936,187.922686,3836.64838
10,11,2011,18243.82289,200.3173104,4365.927686
10,11,2011,16019.06516,206.598136,4098.875392
10,11,2011,16319.48473,197.7773064,4177.675877
10,11,2011,15952.69743,183.2373952,3654.97122
10,11,2011,14259.67055,163.7256263,2863.715799
10,11,2011,11135.28156,117.4624902,1854.364
10,11,2011,8596.615327,76.29420201,1111.153671
10,11,2011,9389.10649,56.91564325,886.5273858
10,11,2011,12569.92197,52.99667634,915.4747002
10,12,2011,12836.00774,81.89799947,1324.694845
10,12,2011,15484.34592,127.4892108,2372.803133
10,12,2011,16976.03442,160.3320745,3114.185801
10,12,2011,17119.48309,183.0960794,3747.415906
10,12,2011,17185.10372,194.2738226,4023.28599
10,12,2011,16665.31491,201.9058307,4218.442486
10,12,2011,16209.61234,198.7229109,3982.244093
10,12,2011,16113.35306,204.0536635,4055.189314
10,12,2011,15311.63337,194.8406258,3805.317449
10,12,2011,12709.04685,118.9060125,2014.488125
10,12,2011,9601.167957,102.176791,1536.140129
10,12,2011,7844.200538,72.20623734,1021.028774
5,8,2012,3168.826077,62.50902923,259.9995313
5,8,2012,7169.517219,70.25171527,570.6124413
5,8,2012,8982.877177,107.839742,1087.288372
5,8,2012,5531.807431,89.30633872,613.2154716
5,8,2012,3439.153699,54.24700069,241.2956603
5,8,2012,9170.41675,81.50179261,743.2972932
5,8,2012,10727.63732,110.5236847,1376.097964
5,8,2012,9382.766519,108.9954354,1455.294944
5,9,2012,13015.11473,133.9821462,2234.986325
5,9,2012,11591.72405,142.2645107,2302.253133
5,9,2012,7947.133077,112.7454849,1444.66208
5,9,2012,3286.896529,64.68297001,261.7930131
5,9,2012,6500.645528,71.96796729,514.6679685
5,9,2012,8337.204394,85.91591665,734.8583405
5,9,2012,8140.55421,89.23233312,785.4191046
5,9,2012,4609.738575,72.76951566,399.614822
5,9,2012,3329.583877,43.28997764,184.8784874
5,9,2012,8420.655197,68.95347164,590.1876577
5,9,2012,9242.655858,94.27715236,937.2406264
5,10,2012,11416.8653,103.5882504,1232.27947
5,10,2012,12792.9361,129.3730746,2000.863344
5,10,2012,10661.32014,134.9100238,1994.978984
5,10,2012,7823.637364,118.6797223,1336.810191
5,10,2012,2604.245606,69.31540618,295.4778251
5,10,2012,2627.54231,51.25727843,177.3971068
5,10,2012,6049.528631,52.92707995,348.2601549
5,10,2012,7576.119183,72.50919504,522.0336928
5,10,2012,4805.464539,67.08807664,332.7817607
5,10,2012,2234.947995,54.13920656,126.3719351
5,10,2012,3913.863228,42.66208382,194.8582646
5,10,2012,6988.145492,54.09566475,425.4695518
5,11,2012,6672.662702,71.02995359,475.5197669
5,11,2012,10635.20911,98.91997244,1111.066629
5,11,2012,10986.26682,124.8368749,1646.028781
5,11,2012,10770.11166,112.0196241,1679.566378
5,11,2012,7320.292438,115.4503641,1168.670137
5,11,2012,3094.016546,71.84063712,354.2699549
5,11,2012,1718.189861,49.25196487,105.191639
5,11,2012,5069.764736,46.32624505,264.812663
5,11,2012,6281.374294,64.96006914,398.3319439
5,11,2012,5412.790619,60.60852305,334.0132776
5,11,2012,1956.356887,44.3450913,95.89888443
5,11,2012,2618.689045,33.51687504,107.3247822
5,12,2012,10637.60953,90.99366935,1053.910613
5,12,2012,10805.3985,113.0287248,1516.391762
5,12,2012,9393.368181,106.3704497,1324.335159
5,12,2012,3694.472772,74.66908723,424.7422378
5,12,2012,1588.036023,52.77027643,102.2757559
5,12,2012,4470.422568,51.30675631,274.8034492
5,12,2012,6017.943323,62.18363162,388.1311794
5,12,2012,6510.815213,70.60869168,505.8810069
5,12,2012,5517.510532,62.09720494,394.0259038
7,8,2012,8214.682035,52.72322287,453.016246
7,8,2012,6213.801371,61.11163855,448.2110323
7,8,2012,6394.940141,23.08987795,159.4758644
7,8,2012,10998.49251,44.60001292,457.4018359
7,8,2012,12113.02137,58.64568376,747.4918239
7,8,2012,12635.93571,72.46048127,1077.696212
7,8,2012,11953.77869,69.62269028,952.8377784
7,8,2012,10857.69929,80.11247972,1108.256983
7,8,2012,5583.144274,67.64717818,512.4306051
7,9,2012,2319.475263,66.39120619,229.9836303
7,9,2012,6985.390093,37.57702999,243.9374939
7,9,2012,6804.178011,50.00379222,363.4686197
7,9,2012,3520.368531,38.97181231,154.0847616
7,9,2012,2916.120235,19.28986061,85.99636979
7,9,2012,8969.275929,27.13476704,226.2526318
7,9,2012,11724.25437,46.19324007,528.6885928
7,9,2012,12173.21685,67.53473401,951.3243442
7,9,2012,13031.12309,78.55160386,1223.203055
7,9,2012,11836.82975,73.87577113,1037.152785
7,9,2012,10633.19439,77.38371279,1024.043093
7,9,2012,6987.822062,69.4886273,705.1192699
7,10,2012,6351.552651,69.71808379,612.2612951
7,10,2012,766.637422,35.32556227,17.49822917
7,10,2012,4936.470293,29.30119918,175.5850033
7,10,2012,5997.996019,36.58517692,206.5061717
7,10,2012,4595.854141,33.28012794,152.1018941
7,10,2012,6219.729399,17.0842413,124.8087628
7,10,2012,10113.76427,33.54779486,296.6508152
7,10,2012,12040.90179,57.51694344,698.4727719
7,10,2012,12884.30978,70.36907507,1081.245442
7,10,2012,12057.52411,81.95661013,1229.307064
7,10,2012,12194.11622,71.5533771,1132.332788
7,10,2012,10685.14436,80.71576371,1161.251258
7,10,2012,7126.331058,62.85917634,604.3698061
7,11,2012,11115.97899,76.87875126,1064.195394
7,11,2012,9170.073361,79.88353916,920.5087917
7,11,2012,2557.233064,56.24776623,229.6274866
7,11,2012,5313.110568,26.33088852,133.9361571
7,11,2012,5125.24358,28.54217948,165.0722272
7,11,2012,1999.001711,17.88394057,43.53545993
7,11,2012,7787.35008,17.7057304,147.7430131
7,11,2012,9457.187024,34.72831535,328.6432083
7,11,2012,12484.47237,66.04380669,974.0451495
7,12,2012,2351.517461,16.84163497,55.08443431
7,12,2012,3301.422788,16.64322207,52.08545085
7,12,2012,2958.640801,13.85241394,41.97813834
7,12,2012,4894.257016,9.868726517,57.71407197
7,12,2012,9477.975664,24.90157826,240.484161
7,12,2012,11989.6269,52.13506568,664.6980387
7,12,2012,12302.12167,71.05743367,1056.085625
7,12,2012,13234.2241,70.90753032,1121.309305
7,13,2012,9075.267066,60.59987733,733.9052247
7,13,2012,7520.868401,62.8657112,653.5181056
7,13,2012,4707.299999,40.01145399,278.3016912
7,13,2012,1662.703073,27.62144371,81.31463525
7,13,2012,682.9515289,12.57157191,9.998501036
7,13,2012,1731.613478,9.627223153,20.81344884
7,13,2012,444.9650216,7.24379165,3.646297545
10,12,2012,15075.29972,140.3212077,2711.641713
10,12,2012,15037.2032,139.615466,2849.629407
10,12,2012,14177.99774,138.6772485,2634.80935
10,12,2012,9653.252433,108.584381,1475.44654
10,12,2012,7559.312673,73.26731226,807.6848403
10,12,2012,6961.098321,46.94293084,489.4842704
10,12,2012,8288.31817,34.5582623,401.9703585
10,12,2012,10452.78827,44.98219055,593.3761686
10,12,2012,13293.58098,86.85680315,1296.014508
10,13,2012,15140.26919,135.0212695,2603.622712
10,13,2012,15567.49295,135.5535189,2825.448031
10,13,2012,15595.42269,142.9068344,2870.88235
10,13,2012,9638.476588,155.8929298,1765.816429
10,13,2012,6914.375852,96.95958214,998.6107913
10,13,2012,3740.423411,46.07283366,278.9986286
10,13,2012,2924.117478,28.58509253,143.2333317
10,14,2012,11689.61565,35.52841348,505.6029293
10,14,2012,14164.50907,84.76770311,1298.135937
10,14,2012,15480.1282,115.00116,2223.451221
10,14,2012,16158.79776,122.1308272,2691.793181
10,14,2012,16334.772,127.7310048,2839.292545
10,14,2012,15996.93359,125.4866728,2659.664374
10,14,2012,14775.70782,114.2240573,2222.535596
10,14,2012,9574.564593,110.2525253,1488.042377
10,14,2012,3819.615074,65.05395475,459.0822437
10,14,2012,3980.587361,9.497590858,54.80182997
10,14,2012,9194.100317,16.9166749,242.6554759
10,15,2012,13450.95756,66.41566316,979.7923027
10,15,2012,15521.45631,125.1072147,2343.860327
10,15,2012,16585.17657,142.140419,3073.05906
10,15,2012,16394.9864,140.15544,3075.210673
10,15,2012,16817.34352,162.7113759,3727.470786
10,15,2012,16830.2829,156.2978159,3562.717374
1,7,2013,6145.6404,38.59196251,388.4494369
1,7,2013,1621.371326,31.46533729,72.84704204
1,7,2013,2025.138086,13.33804714,39.79793669
1,7,2013,3961.205964,12.03232851,56.81517268
1,7,2013,2916.491384,10.50651943,36.52433023
1,7,2013,1322.469827,8.968779782,17.84538553
1,7,2013,1020.699532,6.698354651,7.79804901
1,7,2013,2789.229202,4.842596248,19.45321076
1,7,2013,4662.505716,6.514382503,36.07930576
1,7,2013,5254.730965,10.79066265,76.12357126
1,7,2013,3028.496516,8.962236886,43.29444939
1,7,2013,5352.752517,12.3001002,84.14712405
1,7,2013,5998.977288,12.76876357,110.5908581
1,8,2013,4349.735709,14.54951545,92.92041217
1,8,2013,1404.831543,13.58846387,29.48511336
1,8,2013,10375.2786,33.78647192,487.5679474
1,8,2013,11243.22985,30.12040234,475.7771196
1,8,2013,11462.33666,44.79462976,672.1651914
1,8,2013,10746.87142,40.71136881,695.4381042
1,8,2013,10693.32517,49.91571038,744.0525718
1,8,2013,8864.557047,42.048402,618.3506024
1,8,2013,3552.655144,38.45728783,194.5902052
1,8,2013,2310.553544,12.92132003,46.2202042
1,8,2013,4505.349423,10.78410256,58.96199589
1,8,2013,5636.18411,18.80267091,140.8544166
1,8,2013,6194.64107,19.39779065,172.0485057
1,8,2013,3502.45994,12.62911687,68.96363546
1,8,2013,1823.217494,10.44351615,29.81476347
1,8,2013,856.2688712,8.864372555,6.879488232
1,8,2013,827.3011972,9.311176254,5.609310313
1,8,2013,2330.179195,6.205805571,23.06256132
1,9,2013,2783.974623,8.215358797,34.62363516
1,9,2013,10002.65141,15.77403641,192.9967959
1,9,2013,5605.633023,9.003487455,60.71041008
1,9,2013,6356.764551,26.19306786,229.0290185
1,9,2013,11143.7527,22.48877196,358.809512
1,9,2013,10660.49612,28.82919928,454.7503811
1,9,2013,8912.888337,27.22559036,362.2831391
1,9,2013,2455.854827,20.92717844,80.2371311
1,9,2013,3557.741691,10.63527668,57.09579799
1,9,2013,7432.598799,29.03771699,252.7994163
1,9,2013,8207.611459,36.64301225,423.8001612
1,9,2013,4453.444966,22.58781495,173.1897615
1,9,2013,2534.327787,18.68066316,88.33811696
1,10,2013,5773.811254,14.58839476,115.8560694
1,10,2013,3365.924718,14.37939024,76.11366513
1,10,2013,4621.42286,8.565121178,53.50393327
1,10,2013,9751.984248,27.50632032,308.3455672
1,10,2013,9335.656271,32.53049795,381.5820778
1,10,2013,11407.92994,41.12302717,599.4086957
1,10,2013,10653.31914,41.68412686,583.761805
1,10,2013,10509.24485,46.44043729,718.6579791
1,10,2013,8769.62259,39.36817383,471.1978021
1,10,2013,9662.78413,49.30075681,710.2154336
1,10,2013,1457.507164,27.51674387,61.8159543
1,10,2013,5298.514207,19.11572478,154.4471898
1,10,2013,8683.734891,33.74238145,424.8864373
1,10,2013,5297.437825,22.97663648,202.8492164
1,11,2013,10090.06992,39.86598463,456.4029169
1,11,2013,12270.84259,54.19652953,868.7744288
1,11,2013,12324.06433,57.6921684,857.7944668
1,11,2013,11697.68553,56.34432831,908.076117
1,11,2013,11032.3406,54.73951068,798.2852496
1,11,2013,9222.289528,61.87496831,736.1961921
1,11,2013,370.7333836,36.38013632,26.32933415
1,11,2013,6561.187799,22.50683157,170.4202794
1,11,2013,9631.823781,35.11334119,411.2970531
1,11,2013,10647.89619,53.91068219,710.7397226
1,11,2013,8144.113643,50.33661914,503.8434469
1,12,2013,12032.73748,53.71916386,794.8423658
1,12,2013,10827.4765,51.41781383,734.0682942
1,12,2013,8580.026625,60.16096127,675.1320599
1,12,2013,2165.88973,30.25950885,104.8145808
1,12,2013,7061.59104,27.69899662,210.7109599
1,12,2013,10720.95715,49.02037964,612.8307109
1,12,2013,9794.144813,38.59642463,562.9549656
5,4,2013,7460.559083,106.6139044,1180.219727
5,4,2013,11152.07289,115.544059,1643.629698
5,4,2013,10426.6562,103.0792332,1530.591933
5,4,2013,8947.600171,110.3607103,1448.888043
5,5,2013,10386.51206,102.4222096,1413.733072
5,5,2013,9529.006195,102.993522,1328.152033
5,5,2013,7275.309415,92.58821198,977.7720168
5,5,2013,6741.283929,43.30321421,392.2813457
5,6,2013,9522.031721,66.31775522,758.9275022
5,6,2013,9816.199788,81.88016703,978.1506548
5,6,2013,9602.98355,92.30873217,1181.341257
5,7,2013,7121.862182,58.73608805,540.7299433
5,7,2013,9102.915084,72.46841702,792.7517412
5,7,2013,9930.691208,92.63519919,1088.42868
5,7,2013,9247.542477,95.16705738,1129.070254
5,8,2013,3532.616806,60.10895711,312.979089
5,8,2013,7497.086599,59.77403686,570.4249245
5,8,2013,9341.082526,79.39693576,826.5559761
5,8,2013,10027.20974,95.40187883,1123.476445
5,8,2013,5708.438765,103.7468661,928.7177928
5,9,2013,7248.805091,106.822055,1244.50983
5,9,2013,4473.330585,57.22133156,366.1948343
5,9,2013,5125.365673,42.60773094,266.6525927
7,16,2013,11560.37568,46.17270882,502.6448882
7,16,2013,12064.87532,52.37418072,803.6670671
7,17,2013,1662.947876,29.90729469,69.92776661
7,17,2013,5694.1329,24.47977345,148.287411
7,17,2013,6413.443011,24.13894001,178.0596179
7,17,2013,7269.748235,14.32050659,105.1210896
7,17,2013,10315.54183,28.7960403,264.7490646
7,17,2013,11975.9031,40.26358856,541.6673719
7,17,2013,12695.91434,37.97830508,613.6461259
7,17,2013,12464.4534,50.34636348,899.78669
7,18,2013,2971.497705,35.20640721,164.5526091
7,18,2013,1505.44723,14.33802224,32.9140446
7,18,2013,4670.178448,15.78034685,85.14870624
7,18,2013,11380.43802,22.06540494,227.2353662
7,18,2013,12808.42226,32.7802497,495.3505881
7,18,2013,12834.21478,45.84155663,815.2363643
7,18,2013,12893.06043,43.76860911,710.1315238
7,20,2013,7109.328601,9.838926415,84.07468927
7,20,2013,10284.8322,17.8247639,176.363396
7,20,2013,12306.50191,39.5269258,640.1960347
7,20,2013,12450.33521,39.00181603,618.6237292
7,20,2013,13283.81819,56.84290058,1121.650092
7,20,2013,12700.85919,56.67049093,914.2882919
7,20,2013,12764.41266,61.0266603,1131.518052
7,20,2013,11687.13534,49.04430234,699.7767597
7,21,2013,4028.247834,11.43482901,68.42667052
7,21,2013,8296.109284,27.40901276,263.625877
7,21,2013,8337.519291,23.68948036,199.0884891
7,21,2013,8685.495281,47.75589366,480.6591283
7,21,2013,7025.920307,39.74718286,421.3517977
10,4,2013,18067.12186,168.0152992,3561.275821
10,4,2013,19011.77654,183.1529984,4268.644145
10,4,2013,18953.11553,191.551081,4529.050484
10,4,2013,19140.22023,182.1337879,4385.319249
10,4,2013,17758.43865,191.3690442,4396.520676
10,4,2013,8608.37306,103.7524991,1366.228565
10,4,2013,6399.011612,67.18602216,800.9846627
10,4,2013,11395.47024,45.71165324,868.3385901
10,5,2013,14888.30656,96.17869257,1691.32029
10,5,2013,16423.86984,137.4481398,2663.405953
10,5,2013,18090.65643,150.9039343,3402.770896
10,5,2013,17993.20715,167.67418,3663.371053
10,5,2013,18595.06476,184.6667025,4313.688117
10,5,2013,19147.83921,183.7906176,4487.961098
10,5,2013,18877.32201,194.3185561,4697.572262
10,5,2013,16269.0776,176.3951721,3858.569869
10,5,2013,8838.700359,128.8446777,1730.575562
10,5,2013,4212.992614,73.60149989,615.2553639
10,5,2013,3681.262243,34.79392177,253.5199332
10,5,2013,6701.75952,27.53251094,306.8149279
10,6,2013,13037.82367,53.69786303,1006.029883
10,6,2013,16252.02726,129.5686764,2275.813737
10,6,2013,17994.05859,155.8739694,3480.604508
10,6,2013,19168.71814,164.4255057,3964.305846
10,6,2013,19673.36949,176.1677057,4379.22209
10,6,2013,19823.48553,196.1939155,4764.145271
10,6,2013,19829.55784,174.0724169,4439.943933
10,6,2013,18928.62081,164.9032657,4027.457988
10,6,2013,13813.40358,175.3698265,3311.118954
10,6,2013,6731.367795,110.7667637,1254.684455
10,7,2013,15012.50537,77.73241026,1495.775828
10,7,2013,17452.60752,135.023667,2824.30821
10,7,2013,18979.01802,154.0758702,3650.55977
10,7,2013,20113.12537,180.1468512,4515.3829
10,7,2013,19545.81896,180.8899604,4529.508624
