Date,2005,2006,2007,2008,2009,2010,2011,2012
01-Jan,0.019378679,0.027678806,0.018448251,0.0353028,0.022825473,0.012951534,0.015150012,0.031408786
02-Jan,0.019786988,0.025871246,0.015674178,0.029648623,0.024469056,0.014857461,0.014633477,0.030425308
03-Jan,0.020363335,0.026282724,0.017780122,0.024284265,0.023820812,0.016524885,0.015280208,0.028573533
04-Jan,0.021364016,0.027256023,0.016391718,0.021353919,0.024036168,0.013862392,0.017351806,0.026456212
05-Jan,0.023934166,0.034270968,0.018113015,0.019596129,0.025050739,0.017116314,0.013310257,0.022846281
06-Jan,0.022380465,0.0328628,0.01878582,0.021892402,0.021846158,0.012712295,0.013871513,0.020202177
07-Jan,0.012888296,0.031334284,0.018955477,0.018400157,0.018222234,0.019002005,0.01086685,0.018283883
08-Jan,0.009308911,0.035871785,0.01870121,0.026672099,0.01533375,0.019276947,0.01587131,0.023507864
09-Jan,0.008122538,0.026282724,0.023382144,0.020732162,0.015273048,0.015363931,0.012757854,0.021046252
10-Jan,0.011219884,0.022957056,0.024966533,0.024472145,0.0173234,0.011829083,0.017010933,0.016958349
11-Jan,0.010680985,0.01646197,0.02319835,0.022801169,0.01907205,0.014047136,0.017420289,0.016309792
12-Jan,0.008429533,0.022828905,0.022650289,0.020732162,0.015884116,0.008891196,0.015085074,0.015104041
13-Jan,0.00969454,0.022067852,0.023382144,0.021443312,0.01152567,0.007709488,0.011916373,0.018621123
14-Jan,0.008122538,0.01892514,0.01623121,0.016175608,0.011635017,0.010574317,0.011738906,0.01735205
15-Jan,0.013750774,0.0197465,0.01285484,0.022163554,0.013843537,0.012238495,0.008304003,0.020272017
16-Jan,0.014335949,0.015610603,0.015912,0.017480705,0.013378824,0.012951534,0.007196214,0.02111718
17-Jan,0.016911108,0.020465025,0.011211345,0.016904985,0.012020771,0.009910777,0.010131937,0.020904668
18-Jan,0.016062615,0.021817158,0.010320674,0.011847867,0.013378824,0.011482033,0.011387016,0.020763445
19-Jan,0.014115563,0.017671166,0.01543772,0.016417372,0.015761184,0.011597317,0.010638642,0.01735205
20-Jan,0.010547638,0.015927102,0.00875121,0.014909418,0.014255025,0.012652728,0.008564108,0.017749153
21-Jan,0.008122538,0.01733695,0.009198778,0.013457412,0.009370908,0.008733754,0.006382088,0.01605305
22-Jan,0.00995449,0.010821021,0.008312185,0.012351517,0.009624676,0.012415436,0.006057749,0.015292094
23-Jan,0.010614242,0.008922845,0.008499286,0.020909093,0.010035971,0.009638743,0.00877438,0.012044047
24-Jan,0.012959461,0.014478427,0.011281015,0.016904985,0.007434178,0.010518452,0.007147301,0.014116019
25-Jan,0.008122538,0.013682918,0.008562005,0.02225422,0.009320461,0.007165341,0.00872163,0.012216755
26-Jan,0.007759158,0.009480357,0.011491009,0.013532416,0.008624992,0.006027208,0.011328764,0.009566929
27-Jan,0.006249821,0.010907886,0.014736586,0.015143831,0.009778154,0.011195583,0.013746029,0.011872268
28-Jan,0.005807579,0.00845899,0.005277182,0.015775709,0.006886449,0.012891579,0.005875312,0.015292094
29-Jan,0.007699132,0.009319269,0.005540869,0.01206274,0.008723103,0.007709488,0.008880241,0.007454622
30-Jan,0.004597768,0.006868349,0.01285484,0.015458541,0.008478607,0.007460432,0.006570298,0.017154773
31-Jan,0.005164709,0.00272683,0.011491009,0.008741687,0.0061809,0.008267339,0.008304003,0.01868885
01-Feb,0.007165901,0.003940831,0.007460188,0.006008672,0.007204047,0.006778381,0.01052523,0.016245462
02-Feb,0.006817521,0.00503397,0.008126672,0.009451628,0.00947211,0.006635208,0.008304003,0.013752047
03-Feb,0.006588482,0.009972271,0.006700818,0.007565834,0.008140715,0.004453245,0.007843542,0.013391677
04-Feb,0.005972159,0.00845899,0.004764625,0.009320981,0.0061809,0.009965499,0.008252349,0.013153442
05-Feb,0.004053096,0.010392125,0.003133119,0.014521832,0.005380802,0.010130293,0.012214396,0.013451488
06-Feb,0.004699219,0.012070161,0.00757975,0.010453348,0.005796722,0.008318723,0.011039211,0.013153442
07-Feb,0.007519982,0.003030824,0.010388189,0.00732659,0.007855215,0.007312369,0.007001323,0.011929424
08-Feb,0.004446974,0.009724691,0.005918185,0.009648892,0.007526989,0.007559713,0.00666518,0.009097664
09-Feb,0.005376219,0.008382937,0.008941985,0.007686551,0.006398306,0.013373921,0.005875312,0.004397747
10-Feb,0.002293168,0.010648377,0.008188333,0.011072655,0.004317059,0.010240677,0.003818392,0.007598854
11-Feb,0.001776718,0.003166245,0.004272234,0.009191028,0.004317059,0.011138596,0.007792998,0.00665721
12-Feb,0.001828614,0.004804174,0.00317608,0.008176651,0.005754609,0.006493101,0.003043112,0.007359048
13-Feb,0.001521291,0.006530873,0.007821037,0.006174904,0.004818267,0.005573521,0.005428565,0.006795449
14-Feb,0.004053096,0.006398364,0.007821037,0.006799067,0.006094729,0.005618332,0.005784891,0.006565649
15-Feb,0.004904305,0.005571528,0.006643695,0.0040098,0.005545775,0.003461404,0.002433144,0.013451488
16-Feb,0.004648402,0.004254141,0.004128527,0.006063891,0.006009013,0.002838144,0.005516838,0.007695588
17-Feb,0.003485449,0.003494257,0.005434808,0.009781262,0.003622368,0.000874916,0.006382088,0.00674925
18-Feb,0.005376219,0.003166245,0.005277182,0.013758381,0.002345522,0.002838144,0.003078503,0.014483568
19-Feb,0.004199382,0.0046355,0.003527704,0.015379632,0.005670728,0.003808431,0.003818392,0.010260362
20-Feb,0.003531662,0.00272683,0.004916298,0.009781262,0.006137757,0.003089563,0.003665599,0.006204214
21-Feb,0.000367637,0.00260167,0.003394202,0.010182475,0.006311005,0.003808431,0.004371605,0.005042482
22-Feb,0.003718519,0.002206568,0.003438485,0.009126313,0.006886449,0.003926649,0.006149761,0.006204214
23-Feb,0.005217323,0.000901247,0.006082772,0.01093386,0.007713903,0.002129871,0.004091445,0.002385435
24-Feb,0.003348023,0.002643049,0.005918185,0.008551746,0.00412983,0.004288767,0.004452941,0.004960078
25-Feb,0.004397081,0.003889827,0.006138015,0.009126313,0.00412983,0.008473535,0.007894211,0.005001216
26-Feb,0.005753058,0.006009333,0.002437517,0.010182475,0.004507385,0.006682814,0.00666518,0.003494537
27-Feb,0.003212441,0.003788859,0.002921674,0.005414063,0.003106845,0.005935485,0.005920723,0.004241809
28-Feb,0.001108012,0.00260167,0.006138015,0.005256016,0.002138859,0.00256003,0.005253646,0.004397747
29-Feb,NaN,NaN,NaN,0.002896284,NaN,NaN,NaN,0.005982261
01-Mar,0.001282658,0.000509155,0.006873299,0.002334572,0.004167027,0.001118023,0.0084597,0.005419604
02-Mar,0.001616876,0.000425132,0.004614767,0.005627553,0.002528295,0.002226685,0.006952918,0.005125398
03-Mar,0.005112272,0.001580409,0.003262667,0.008614883,0.000961442,0.002594247,0.004742077,0.005167048
04-Mar,1.56E-05,0.000944438,0.002185665,0.006399223,0.00159148,0.003614214,0.005784891,0.013994296
05-Mar,0.001641971,0.001950129,0.001944398,0.006455778,0.000811441,0.00530729,0.005123891,0.010916583
06-Mar,0.002735759,0.002244553,0.002093015,0.004945301,0.001325314,0.004207339,0.006856492,0.008285626
07-Mar,0.008122538,0.000585861,0.003572639,0.006399223,0.003412602,0.004959433,0.004534845,0.003566791
08-Mar,0.003348023,0.000144282,0.001987464,0.002104471,0.006267524,0.002663153,0.00457601,0.001418502
09-Mar,0.002903397,0.002021712,0.001859347,0.00277206,0.003207566,0.001633683,0.003185606,0.000346299
10-Mar,0.000553458,0.003689276,0.000205293,0.003325143,0.002779906,0.000481859,0.002765627,0.003974065
11-Mar,0.001780408,0.005633014,0.000242982,0.00091329,0.001607088,0.000987747,0.000488181,0.000837245
12-Mar,0.000683412,0.002058008,0.000586986,0.003065121,0.003836794,0.006165707,0.002597363,0.000570785
13-Mar,0.001359575,0.002439556,0.001327239,0.003915711,0.0028442,0.005981285,0.003043112,0.001906953
14-Mar,0.001926295,0.001114501,0.003438485,0.003022571,0.002375626,0.000598991,0.005297172,0.001477853
15-Mar,0.002990637,0.002321538,0.007282204,0.002307707,0.001236765,0.000775933,0.006103689,0.008186146
16-Mar,0.002345552,0.000903619,0.006193448,0.004641845,0.001747418,0.000987747,0.003818392,0.005633526
17-Mar,0.003718519,0.000410846,0.003800542,0.009714991,0.000684387,0.000183223,0.002531187,0.00702822
18-Mar,0.001139713,0.001517531,0.001462652,0.011212115,3.86E-06,0.000796307,0.002597363,0.006474567
19-Mar,0.003393628,0.000446219,0.001717425,0.006626576,0.00106666,0.000264929,0.001190924,0.00401191
20-Mar,0.006588482,0.001284996,0.000930198,0.006286683,0.002876554,0.001601674,8.12E-05,0.004319512
21-Mar,0.007401328,0.00039991,0.000284759,0.00520373,0.003982301,0.001000029,0.002972797,0.003141723
22-Mar,0.005270113,0.001184459,0.000908694,0.002315371,0.00542187,0.001146294,0.003007876,0.000980003
23-Mar,0.005007931,0.000548635,0.001453043,0.003413598,0.003800736,0.000726909,0.002400791,0.001793734
24-Mar,0.003034576,0.002282876,0.001912334,0.0026904,0.002375626,0.001203569,0.003590095,0.000988925
25-Mar,0.002181683,0.00272683,0.004515877,0.001441475,0.002621599,0.00140599,8.02E-06,0.001765839
26-Mar,0.004101667,0.004201054,0.001358283,0.003962649,0.000610299,0.001248488,0.000102648,0.000306609
27-Mar,0.004397081,0.001339783,0.005018415,0.00363858,0.000825603,0.001475864,0.001818048,0.000805994
28-Mar,0.000951032,0.001231402,0.008065189,0.002490345,0.001143643,0.000179147,0.003294095,0.002448054
29-Mar,0.001424224,0.000312465,0.006989211,0.002182659,0.001089093,0.001541182,0.002868501,0.004516091
30-Mar,0.002329392,0.000100176,0.004128527,0.002529885,0.001911543,0.000351418,0.00573988,0.002869794
31-Mar,0.004199382,5.28E-09,0.002715895,0.005467141,1.12E-07,4.54E-05,0.003221615,0.004715954
01-Apr,0.002414641,1.76E-05,0.003005577,0.006569455,1.87E-05,0.000156662,0.00457601,0.0071693
02-Apr,0.000751712,0.000852189,0.003219263,0.008114759,4.66E-05,0.000100225,0.001876469,0.00702822
03-Apr,0.000156884,0.002021712,0.002675428,0.00444363,0.000658095,0.001925308,0.001876469,0.007744128
04-Apr,0.003393628,0.000849888,0.000932899,0.002896284,0.002811984,0.001909871,0.001995405,0.003072871
05-Apr,0.010216708,0.001548803,0.000266067,0.001604898,0.006707386,0.000237535,0.001818048,0.00164237
06-Apr,0.008061593,0.001710167,0.000976526,0.002239171,0.008920571,0.001414312,0.001006417,0.00101362
07-Apr,0.001295928,0.003304756,0.000267747,0.003593147,0.002590357,0.003053193,0.001743155,0.000268771
08-Apr,0.00190738,0.00538918,0.000469547,0.001730087,0.00304037,0.004046119,0.001995405,0.000389356
09-Apr,0.003034576,0.003992181,3.44E-06,0.003194125,0.002590357,0.005263361,0.000836118,0.000413199
10-Apr,0.003718519,0.003494257,0.000459182,0.004104738,0.000925168,0.001851609,0.000177824,0.000542013
11-Apr,1.92E-05,0.00260167,0.000845338,0.003593147,0.001366765,0.000729113,0.000242931,0.001672239
12-Apr,0.001994899,0.000616562,0.002082,0.00225813,0.002466799,0.000958488,0.000722539,0.002903276
13-Apr,0.000912303,0.002168922,0.005863705,0.006512522,0.0016411,0.00129667,0.002664187,0.00674925
14-Apr,0.00121699,0.000868382,0.004515877,0.006626576,0.003106845,0.000294955,0.005253646,0.008186146
15-Apr,0.001616876,4.25E-06,0.003572639,0.01072692,0.003173859,7.49E-05,0.003973545,0.007502583
16-Apr,0.002855781,6.99E-05,0.001789582,0.011072655,0.001431083,0.000159252,0.001995405,0.007359048
17-Apr,0.004397081,0.000117468,0.000349242,0.006063891,0.00558731,0.000123171,0.003934537,0.003603126
18-Apr,0.006645498,9.28E-06,0.000776164,0.004200519,0.005923753,9.69E-05,0.000838281,0.003566791
19-Apr,0.006588482,0.000191503,0.000412648,0.004057163,0.006442124,0.000805421,0.000812473,0.002903276
20-Apr,0.007342235,0.000168007,0.000621352,0.003325143,0.006354599,0.000787229,0.000712343,0.00173811
21-Apr,0.006082722,0.00023385,3.41E-06,0.002049289,0.005016494,0.000304668,0.000456866,0.001173696
22-Apr,0.003813137,0.00515097,0.001051851,0.001778384,0.002811984,0.004288767,2.53E-06,0.001530206
23-Apr,0.004446974,0.005882482,0.002555419,0.002569661,0.003106845,0.006778381,0.000840445,0.00133246
24-Apr,0.004297855,0.004095923,0.004128527,2.42E-05,0.00542187,0.004788601,0.000333577,0.001350008
25-Apr,0.001888526,0.002360538,0.005863705,0.001954969,0.001456115,0.00157565,0.001240759,0.003107225
26-Apr,0.002361748,0.00106996,0.006027719,0.004297138,0.002345522,0.001512662,0.004534845,0.002511283
27-Apr,0.003078728,0.000998662,0.005809417,0.001682298,0.002109922,0.000145188,0.006057749,0.007075129
28-Apr,0.002317297,0.000254226,0.003262667,0.002273341,0.003587082,9.35E-06,0.004371605,0.006204214
29-Apr,0.002542324,4.13E-05,0.004814982,0.009386218,0.002909044,6.12E-07,0.001057927,0.007454622
30-Apr,0.002786988,4.66E-08,0.004614767,0.015143831,0.003657784,0.000497218,0.001666656,0.009149364
01-May,0.005376219,0.001322353,0.002363945,0.012351517,0.002974435,0.000172425,0.00101106,0.00624897
02-May,0.012604939,0.000554137,0.002675428,0.007868986,0.007902532,0.000731319,0.002055909,0.003211149
03-May,0.012817262,0.000456131,0.001202836,0.006399223,0.010296296,0.000301418,0.001723197,0.003038662
04-May,0.006817521,0.00106737,0.00456522,0.007149084,0.007997487,0.003053193,0.001588709,0.00229266
05-May,0.00636205,0.003304756,0.006138015,0.004641845,0.007902532,0.003769305,0.001389621,0.001821793
06-May,0.00294691,0.004691376,0.003708738,0.001947784,0.004392819,0.004247985,0.000319966,0.000942423
07-May,0.005112272,0.010648377,0.005173082,0.001823683,0.005966326,0.005263361,0.001314389,0.000203801
08-May,0.002509166,0.004975996,0.002595189,0.005520415,0.00558731,0.004329685,0.001120052,0.000660424
09-May,0.002838531,0.003940831,0.002348566,0.005467141,0.005754609,0.004046119,0.001233234,0.002323431
10-May,0.005376219,0.002479575,0.009985619,0.006063891,0.005299018,0.002458334,0.003895675,0.002704598
11-May,0.006138255,0.001434755,0.010523721,0.01177657,0.002779906,0.00083529,0.00573988,0.002903276
12-May,0.002727252,0.000271674,0.014582466,0.019509754,0.002909044,0.000206914,0.004250673,0.00624897
13-May,0.002430994,0.001130448,0.00875121,0.017398011,0.002285747,0.000436799,0.004742077,0.008943229
14-May,0.003908538,0.003689276,0.011072498,0.01933744,0.002226553,6.14E-05,0.002903109,0.010368664
15-May,0.003439437,0.000822537,0.006700818,0.012863109,0.001359416,0.00019147,0.002400791,0.010861312
16-May,0.004956029,0.000491718,0.007047443,0.012279079,0.003378099,0.000321098,0.00233658,0.004715954
17-May,0.008122538,0.000934749,0.007460188,0.013834019,0.006051814,0.000187331,0.00172889,0.004126255
18-May,0.008367833,0.002131613,0.008312185,0.01177657,0.007112757,9.69E-05,0.002147948,0.002543126
19-May,0.007759158,0.003788859,0.006473445,0.013382566,0.007808004,0.003016973,0.003294095,0.002970677
20-May,0.005807579,0.007285044,0.007821037,0.012351517,0.008527298,0.005351347,0.00233658,0.002672003
21-May,0.008991537,0.015715734,0.011281015,0.01011518,0.008723103,0.005935485,0.005472634,0.00283646
22-May,0.003257429,0.019865324,0.013446345,0.010249939,0.003587082,0.015683462,0.006195964,0.00173811
23-May,0.00376573,0.007934133,0.016311389,0.011352238,0.004778982,0.008838607,0.01086685,0.00173811
24-May,0.003671506,0.00113579,0.014968919,0.01483159,0.004317059,0.003926649,0.004952809,0.002479592
25-May,0.001854747,0.003120761,0.016391718,0.01933744,0.004584375,0.001167009,0.007343714,0.004203157
26-May,0.002817017,0.002399877,0.010728268,0.022801169,0.005096622,0.000497218,0.007147301,0.004126255
27-May,0.003167661,0.001345619,0.007760446,0.024566292,0.007855215,0.000837603,0.007894211,0.009725324
28-May,0.006193955,0.003940831,0.004967257,0.022435975,0.008970197,0.000948803,0.007147301,0.015166628
29-May,0.006933008,0.002942258,0.004128527,0.023260812,0.013843537,0.00158142,0.006475933,0.014545173
30-May,0.009824231,0.002058008,0.003846763,0.023723938,0.020205128,0.002802837,0.006335361,0.014422063
31-May,0.014409662,0.005092294,0.003133119,0.01933744,0.017259851,0.004006157,0.008880241,0.014606876
01-Jun,0.012323676,0.006664799,0.003663157,0.01093386,0.020543037,0.003808431,0.007742577,0.008037778
02-Jun,0.013823479,0.012070161,0.006027719,0.00793016,0.019138021,0.004959433,0.008098122,0.007792783
03-Jun,0.006702677,0.011347652,0.007639802,0.005151644,0.014611316,0.008629338,0.007592065,0.007695588
04-Jun,0.008491383,0.014884983,0.009852777,0.005735473,0.014314177,0.004959433,0.007642111,0.005938237
05-Jun,0.008928501,0.013101661,0.010253327,0.005789725,0.012692982,0.005844252,0.011916373,0.006115067
06-Jun,0.003671506,0.018235595,0.013371854,0.008678197,0.012411227,0.012179711,0.012035246,0.004164639
07-Jun,0.006027357,0.011887352,0.014199869,0.013834019,0.008673995,0.005528835,0.022388045,0.004164639
08-Jun,0.005972159,0.009159621,0.014428963,0.014291151,0.011471142,0.002663153,0.018740821,0.009461879
09-Jun,0.006875184,0.008922845,0.014582466,0.024472145,0.010824412,0.004046119,0.025164022,0.011815216
10-Jun,0.006474938,0.007498196,0.01623121,0.02353827,0.014790697,0.004959433,0.025797536,0.021046252
11-Jun,0.004750218,0.007934133,0.0172852,0.033907423,0.014195964,0.003310906,0.019379061,0.027389644
12-Jun,0.006474938,0.004691376,0.00538207,0.036063,0.013726801,0.000337825,0.018529883,0.02515488
13-Jun,0.008429533,0.00515097,0.003846763,0.038268778,0.017514569,0.001903709,0.011328764,0.024701524
14-Jun,0.010882042,0.004524797,0.003394202,0.03422753,0.020407621,0.00124583,0.013934418,0.02515488
15-Jun,0.011016768,0.006464441,0.004081042,0.033588462,0.021362565,0.005132336,0.015280208,0.021687833
16-Jun,0.010085317,0.006332641,0.005918185,0.027355878,0.018547366,0.00539553,0.017971832,0.018892588
17-Jun,0.008553383,0.006664799,0.005018415,0.027257792,0.019336446,0.003887104,0.013372183,0.020341949
18-Jun,0.00636205,0.010734517,0.007460188,0.022892818,0.018743479,0.010185433,0.018319854,0.018553489
19-Jun,0.008615532,0.015401444,0.006304882,0.0353028,0.021776825,0.011138596,0.023070456,0.018485948
20-Jun,0.00763926,0.012721464,0.009458326,0.030872539,0.015394542,0.010075257,0.020973136,0.01541795
21-Jun,0.00591713,0.010995114,0.011003322,0.029547483,0.010559115,0.013617395,0.026758986,0.016309792
22-Jun,0.0080008,0.005510393,0.01249031,0.036719495,0.01303421,0.008577294,0.038838586,0.019646734
23-Jun,0.010882042,0.007426789,0.01955383,0.043177937,0.014492186,0.008216067,0.035188842,0.021759568
24-Jun,0.008244884,0.006398364,0.018870576,0.057383619,0.015761184,0.00539553,0.041569417,0.024701524
25-Jun,0.006817521,0.004975996,0.019211047,0.060937838,0.016691873,0.005708328,0.035278411,0.026765998
26-Jun,0.016678268,0.008156924,0.018280341,0.062006494,0.018547366,0.004619865,0.031936079,0.033833928
27-Jun,0.021028692,0.008008039,0.015516388,0.066213934,0.018809021,0.004453245,0.029304067,0.033918764
28-Jun,0.023499125,0.006597659,0.01720323,0.059611987,0.021156556,0.006352068,0.023299653,0.030833655
29-Jun,0.024723867,0.012347104,0.014199869,0.053024575,0.024541486,0.007067902,0.026196515,0.0295342
30-Jun,0.025789917,0.014478427,0.008312185,0.043763317,0.022124317,0.002944986,0.023760625,0.029052368
01-Jul,0.02650885,0.023733828,0.011773285,0.033907423,0.024613996,0.006119419,0.024928,0.021616188
02-Jul,0.034047218,0.026008029,0.012273512,0.030975381,0.023250094,0.003614214,0.033679448,0.018485948
03-Jul,0.028426892,0.027256023,0.009654785,0.035736445,0.021156556,0.008629338,0.03865286,0.022047402
04-Jul,0.036227331,0.028534562,0.01270855,0.027749561,0.017578467,0.009801647,0.04147408,0.024251287
05-Jul,0.046465457,0.038009912,0.019211047,0.032324132,0.017899265,0.010351477,0.051619406,0.021259304
06-Jul,0.044415239,0.057870499,0.035169027,0.034548781,0.021019634,0.00974724,0.049156799,0.02395287
07-Jul,0.047337828,0.068981261,0.044984241,0.043528805,0.021707574,0.009638743,0.057865593,0.030751821
08-Jul,0.051554174,0.075276378,0.062098551,0.044824543,0.016007407,0.009262346,0.065963386,0.039602927
09-Jul,0.053592577,0.074562752,0.067522878,0.044115983,0.0173234,0.007809905,0.066760927,0.043356869
10-Jul,0.053251028,0.074088971,0.06642422,0.050894519,0.016193012,0.008577294,0.069871136,0.049469413
11-Jul,0.052796756,0.059335323,0.058014548,0.050770258,0.021985072,0.005708328,0.057433591,0.053947173
12-Jul,0.051104761,0.05807859,0.060637304,0.048553416,0.029652096,0.006352068,0.052450408,0.058569875
13-Jul,0.052117769,0.052201919,0.043809728,0.05264627,0.035949702,0.004329685,0.051309082,0.055574348
14-Jul,0.050992611,0.047397711,0.037453774,0.051767574,0.039612729,0.007609524,0.051723005,0.052238376
15-Jul,0.053364797,0.071511325,0.034206671,0.054165665,0.039960221,0.006540351,0.051205799,0.049176124
16-Jul,0.056234997,0.06582988,0.032729951,0.051517553,0.051380671,0.007609524,0.049666065,0.045139708
17-Jul,0.044736918,0.089250036,0.042647071,0.049411043,0.058537014,0.012356357,0.049564052,0.036588213
18-Jul,0.03968349,0.084623147,0.034847114,0.04892027,0.069646109,0.015173313,0.051102595,0.037818648
19-Jul,0.036829641,0.093470813,0.035276582,0.050027127,0.062914309,0.010185433,0.054549895,0.040325304
20-Jul,0.029823827,0.106459095,0.036576949,0.05531598,0.054866084,0.012297377,0.061144641,0.035114866
21-Jul,0.033071166,0.096431665,0.040244427,0.051018894,0.054866084,0.009801647,0.064604666,0.033158132
22-Jul,0.02889007,0.080618112,0.037233827,0.05570146,0.055553732,0.00644597,0.073034875,0.03720151
23-Jul,0.025522009,0.072209597,0.040244427,0.059480014,0.049199093,0.010351477,0.066760927,0.033749172
24-Jul,0.032297122,0.077438544,0.041381934,0.068983878,0.057835685,0.011424542,0.07103668,0.036850583
25-Jul,0.02889007,0.09293765,0.042185346,0.077988366,0.061271725,0.016852563,0.075771708,0.037641932
26-Jul,0.034047218,0.107031357,0.03441965,0.090637085,0.058637463,0.015363931,0.06779168,0.03861773
27-Jul,0.041554991,0.117606176,0.032625422,0.091102118,0.067514891,0.009262346,0.071974383,0.040779289
28-Jul,0.053364797,0.143306674,0.02864899,0.102532034,0.072889292,0.018050591,0.06802155,0.041509649
29-Jul,0.075611285,0.135091752,0.024216018,0.076385958,0.078416678,0.018660264,0.070103658,0.042429464
30-Jul,0.096243469,0.167658065,0.022923697,0.065391399,0.087571861,0.025056287,0.064943338,0.032404031
31-Jul,0.101829812,0.156278702,0.035599994,0.072222446,0.085247598,0.025586643,0.059934353,0.034344146
01-Aug,0.099023597,0.190895777,0.029851537,0.065391399,0.080669843,0.034159571,0.057433591,0.031822047
02-Aug,0.099023597,0.194791301,0.033570757,0.078720913,0.078416678,0.028295734,0.057218051,0.038528632
03-Aug,0.093489682,0.219028222,0.030867963,0.067316725,0.080669843,0.034665363,0.072680722,0.037730251
04-Aug,0.096243469,0.219028222,0.039343128,0.077258429,0.069646109,0.04048613,0.076973537,0.037641932
05-Aug,0.08940896,0.231703536,0.042531461,0.081677083,0.078416678,0.044292421,0.088109689,0.05144144
06-Aug,0.094863267,0.194791301,0.061034513,0.09580206,0.077299098,0.037319483,0.090661421,0.05598399
07-Aug,0.096243469,0.179455285,0.06960128,0.100913908,0.080669843,0.034919228,0.094540695,0.064737173
08-Aug,0.099023597,0.194791301,0.086316918,0.112444891,0.070721013,0.031833674,0.09848143,0.065171055
09-Aug,0.097630256,0.198727898,0.088291628,0.124444718,0.081805385,0.027356237,0.09716106,0.070238833
10-Aug,0.107519534,0.148017635,0.094160673,0.131507905,0.078416678,0.028848852,0.094540695,0.06823874
11-Aug,0.116243862,0.156627995,0.085712738,0.131507905,0.078416678,0.023562433,0.09848143,0.069124977
12-Aug,0.120689797,0.174242505,0.086165722,0.124444718,0.077299098,0.026120852,0.102483026,0.067797242
13-Aug,0.134354352,0.17387323,0.087986721,0.122702188,0.091102045,0.033072597,0.09848143,0.063980517
14-Aug,0.140581477,0.194791301,0.084509227,0.122702188,0.08874277,0.041022578,0.089382094,0.063980517
15-Aug,0.146901308,0.249183483,0.083909901,0.115826081,0.091102045,0.045308831,0.109286037,0.06014248
16-Aug,0.142152798,0.281372929,0.100172282,0.119245268,0.094684318,0.048976523,0.106544905,0.059511551
17-Aug,0.137456238,0.300684372,0.101777714,0.126196585,0.086406797,0.059843124,0.119086729,0.059616531
18-Aug,0.125190636,0.336091938,0.109949504,0.133296815,0.076187547,0.062624366,0.121945358,0.061837206
19-Aug,0.128221364,0.310591104,0.12006923,0.127957759,0.076187547,0.058519755,0.120512822,0.062798283
20-Aug,0.113310752,0.295793803,0.123517334,0.120969027,0.080669843,0.052938102,0.135125139,0.061411859
21-Aug,0.123684298,0.310591104,0.135875523,0.136902165,0.068577394,0.057912449,0.14881271,0.065823927
22-Aug,0.125190636,0.281372929,0.14867687,0.146074774,0.064990379,0.048690879,0.142667422,0.064088405
23-Aug,0.148495589,0.281372929,0.14682134,0.161216926,0.067514891,0.048690879,0.158214082,0.06333463
24-Aug,0.146901308,0.281372929,0.134082705,0.17294297,0.069646109,0.046520347,0.166214667,0.070238833
25-Aug,0.164747904,0.267327664,0.123517334,0.180933302,0.085247598,0.04586661,0.162996442,0.087737803
26-Aug,0.168064878,0.286138112,0.125255278,0.178922853,0.078416678,0.049741077,0.156632013,0.07362055
27-Aug,0.176452454,0.286138112,0.105017612,0.163149465,0.092290374,0.053625125,0.155055994,0.077061957
28-Aug,0.176452454,0.281372929,0.093224448,0.159293165,0.099540847,0.061795716,0.156632013,0.081742208
29-Aug,0.179845167,0.325765631,0.092446982,0.144222167,0.089919505,0.062520575,0.141146527,0.077061957
30-Aug,0.173081203,0.362644211,0.085411253,0.142378575,0.09710119,0.065554718,0.138123363,0.075908231
31-Aug,0.169731556,0.418916876,0.092446982,0.131507905,0.093484471,0.085125718,0.135125139,0.07362055
01-Sep,0.161452897,0.442613417,0.101777714,0.122702188,0.085247598,0.085125718,0.141146527,0.07362055
02-Sep,0.161452897,0.460832654,0.108295981,0.136902165,0.089919505,0.090969551,0.132151987,0.080562391
03-Sep,0.150095558,0.45471697,0.106652005,0.126196585,0.082946871,0.101823495,0.147267163,0.081742208
04-Sep,0.145312735,0.407323481,0.123517334,0.135094912,0.076187547,0.089790008,0.159802186,0.087737803
05-Sep,0.146901308,0.390251401,0.144974687,0.157378207,0.082946871,0.085125718,0.167832732,0.093892239
06-Sep,0.140581477,0.390251401,0.134082705,0.174927663,0.075082047,0.079418252,0.167832732,0.098928388
07-Sep,0.145312735,0.281372929,0.134082705,0.176920965,0.071802082,0.077174094,0.164602565,0.101483556
08-Sep,0.156551904,0.29094506,0.114967013,0.178922853,0.070721013,0.066824794,0.159802186,0.102770345
09-Sep,0.164747904,0.310591104,0.114967013,0.174927663,0.081805385,0.071662478,0.156632013,0.109295595
10-Sep,0.166403655,0.281372929,0.101777714,0.1870158,0.071802082,0.065238526,0.147267163,0.111947963
11-Sep,0.174764137,0.267327664,0.094004388,0.170966909,0.095889897,0.073850064,0.151922164,0.106667308
12-Sep,0.188419955,0.315607327,0.096674624,0.168999504,0.105738755,0.071662478,0.139631836,0.101483556
13-Sep,0.183259206,0.362644211,0.103392836,0.157378207,0.110797557,0.079418252,0.151922164,0.105362239
14-Sep,0.17140367,0.401590412,0.100172282,0.140544025,0.114649586,0.083973225,0.144194503,0.091411575
15-Sep,0.161452897,0.436625499,0.106652005,0.135094912,0.109524549,0.101823495,0.161396311,0.090180667
16-Sep,0.154929387,0.41309896,0.123517334,0.149806922,0.09831818,0.11437365,0.162996442,0.086525891
17-Sep,0.146901308,0.43068012,0.134082705,0.140544025,0.091102045,0.099374853,0.167832732,0.086525891
18-Sep,0.128221364,0.401590412,0.158086745,0.129728209,0.073982622,0.092154439,0.172722576,0.085320352
19-Sep,0.131275999,0.351896904,0.167714657,0.136902165,0.073982622,0.088615832,0.176012042,0.092648772
20-Sep,0.140581477,0.357249473,0.169666132,0.157378207,0.079540267,0.083973225,0.184338426,0.092648772
21-Sep,0.145312735,0.325765631,0.167714657,0.17294297,0.081805385,0.077174094,0.191104335,0.098928388
22-Sep,0.156551904,0.271967736,0.150541249,0.197322459,0.080669843,0.078293375,0.19796253,0.106667308
23-Sep,0.17140367,0.249183483,0.143136937,0.197322459,0.100769176,0.064188401,0.192810263,0.111947963
24-Sep,0.184974181,0.267327664,0.125255278,0.193174552,0.110797557,0.068424271,0.186021208,0.12141888
25-Sep,0.184974181,0.305616796,0.118359134,0.184979799,0.114649586,0.069497881,0.177665606,0.11597136
26-Sep,0.174764137,0.341318165,0.113285054,0.178922853,0.119862062,0.073850064,0.169456748,0.113283134
27-Sep,0.176452454,0.351896904,0.113285054,0.153574803,0.117244955,0.079418252,0.174364361,0.113283134
28-Sep,0.166403655,0.368081146,0.12006923,0.149806922,0.112076076,0.079418252,0.176012042,0.110618778
29-Sep,0.159813678,0.357249473,0.121788641,0.147936368,0.117244955,0.087447044,0.174364361,0.102770345
30-Sep,0.161452897,0.41309896,0.116658384,0.133296815,0.109524549,0.087447044,0.184338426,0.098928388
01-Oct,0.156551904,0.407323481,0.137677383,0.124444718,0.095889897,0.106782608,0.180990329,0.105362239
02-Oct,0.154929387,0.395899727,0.16191192,0.142378575,0.09831818,0.101823495,0.19796253,0.098928388
03-Oct,0.153312478,0.368081146,0.163837527,0.140544025,0.08874277,0.094540166,0.2137269,0.102770345
04-Oct,0.145312735,0.341318165,0.173594781,0.151686409,0.093484471,0.099374853,0.208421165,0.107978432
05-Oct,0.154929387,0.305616796,0.156187226,0.165090758,0.08874277,0.079418252,0.217292152,0.117324382
06-Oct,0.142152798,0.262729235,0.14867687,0.1870158,0.092290374,0.080548698,0.208421165,0.117324382
07-Oct,0.153312478,0.219028222,0.154296454,0.19940897,0.105738755,0.064712722,0.208421165,0.120048158
08-Oct,0.159813678,0.236011364,0.134082705,0.195244312,0.121178729,0.073850064,0.208421165,0.124177908
09-Oct,0.163097646,0.249183483,0.13229896,0.191113198,0.126499148,0.07275341,0.20316627,0.129765858
10-Oct,0.166403655,0.300684372,0.130524314,0.184979799,0.130545501,0.085125718,0.199691407,0.122795469
11-Oct,0.179845167,0.379081717,0.141308118,0.180933302,0.142968795,0.095740963,0.186021208,0.11868332
12-Oct,0.17140367,0.448643899,0.137677383,0.167040779,0.144375192,0.105535148,0.194521946,0.105362239
13-Oct,0.156551904,0.466990977,0.14682134,0.153574803,0.147203451,0.110555461,0.196239372,0.087737803
14-Oct,0.154929387,0.485722021,0.143136937,0.144222167,0.140171529,0.11823671,0.186021208,0.086525891
15-Oct,0.137456238,0.498423023,0.167714657,0.136902165,0.126499148,0.131431946,0.196239372,0.077061957
16-Oct,0.13901595,0.460832654,0.16191192,0.136902165,0.119862062,0.127422501,0.201425991,0.079389061
17-Oct,0.134354352,0.460832654,0.179551656,0.127957759,0.115944546,0.116944066,0.196239372,0.078222242
18-Oct,0.119201684,0.442613417,0.193746076,0.142378575,0.117244955,0.113095912,0.192810263,0.077061957
19-Oct,0.113310752,0.368081146,0.197876706,0.153574803,0.103242746,0.108035159,0.199691407,0.078222242
20-Oct,0.137456238,0.368081146,0.191693211,0.170966909,0.106995132,0.095740963,0.191104335,0.091411575
21-Oct,0.142152798,0.351896904,0.175571909,0.17294297,0.110797557,0.090969551,0.192810263,0.104063246
22-Oct,0.142152798,0.341318165,0.163837527,0.189060274,0.115944546,0.088615832,0.192810263,0.106667308
23-Oct,0.151701195,0.33090777,0.163837527,0.1870158,0.121178729,0.082826208,0.192810263,0.101483556
24-Oct,0.156551904,0.341318165,0.158086745,0.17294297,0.122500785,0.081684692,0.179325039,0.096397897
25-Oct,0.153312478,0.33090777,0.165771781,0.163149465,0.125161009,0.088615832,0.179325039,0.092648772
26-Oct,0.150095558,0.368081146,0.13229896,0.147936368,0.122500785,0.082826208,0.164602565,0.084121211
27-Oct,0.140581477,0.395899727,0.12006923,0.131507905,0.119862062,0.095740963,0.158214082,0.070238833
28-Oct,0.137456238,0.379081717,0.130524314,0.120969027,0.115944546,0.110555461,0.164602565,0.065497184
29-Oct,0.134354352,0.41309896,0.123517334,0.119245268,0.115944546,0.103055573,0.162996442,0.058361385
30-Oct,0.126703,0.442613417,0.152414453,0.120969027,0.106995132,0.11823671,0.159802186,0.057841388
31-Oct,0.120689797,0.390251401,0.159994985,0.122702188,0.099540847,0.111823177,0.159802186,0.058257245
01-Nov,0.108957894,0.395899727,0.158086745,0.127957759,0.087571861,0.099374853,0.172722576,0.061411859
02-Nov,0.097630256,0.27664948,0.156187226,0.131507905,0.087571861,0.095740963,0.172722576,0.06333463
03-Nov,0.087123462,0.219028222,0.169666132,0.146074774,0.068577394,0.086283665,0.171086701,0.059721582
04-Nov,0.092122747,0.187041291,0.156187226,0.142378575,0.070721013,0.078293375,0.167832732,0.065279696
05-Nov,0.106087516,0.178705693,0.134082705,0.147936368,0.072889292,0.079418252,0.161396311,0.066917497
06-Nov,0.103242626,0.183227806,0.134082705,0.149806922,0.073982622,0.078293375,0.169456748,0.070238833
07-Nov,0.107519534,0.179455285,0.116658384,0.153574803,0.081805385,0.065133247,0.162996442,0.072486645
08-Nov,0.117719697,0.194791301,0.109949504,0.142378575,0.091102045,0.071662478,0.144194503,0.069124977
09-Nov,0.110402569,0.244751305,0.12006923,0.135094912,0.093484471,0.07275341,0.135125139,0.066807834
10-Nov,0.111853531,0.271967736,0.103392836,0.127957759,0.099540847,0.085125718,0.120512822,0.057426656
11-Nov,0.107519534,0.29094506,0.098576577,0.115826081,0.102003148,0.09334465,0.127739563,0.0450452
12-Nov,0.096243469,0.27664948,0.103392836,0.105797587,0.089919505,0.09334465,0.124829684,0.044856406
13-Nov,0.085655087,0.300684372,0.113285054,0.092346629,0.081805385,0.092154439,0.127739563,0.04233714
14-Nov,0.072063069,0.300684372,0.101777714,0.096435501,0.075082047,0.092154439,0.127739563,0.03711366
15-Nov,0.062842076,0.267327664,0.114967013,0.092346629,0.056145699,0.09334465,0.132151987,0.035892026
16-Nov,0.065625295,0.262729235,0.121788641,0.098825026,0.058838554,0.086283665,0.130674855,0.034685891
17-Nov,0.067338876,0.223211999,0.123517334,0.117530942,0.051380671,0.079418252,0.136621125,0.044573778
18-Nov,0.077921914,0.198727898,0.127002444,0.117530942,0.053015864,0.069821097,0.130674855,0.043263788
19-Nov,0.066357896,0.183227806,0.116658384,0.110768629,0.056640801,0.065449262,0.132151987,0.043729948
20-Nov,0.075866883,0.147339773,0.108295981,0.115826081,0.06178328,0.064188401,0.129204041,0.048688774
21-Nov,0.080516145,0.153845043,0.106652005,0.131507905,0.060050516,0.061176753,0.123384318,0.053947173
22-Nov,0.079604966,0.141312015,0.12006923,0.115826081,0.065408622,0.059231059,0.103830316,0.047430261
23-Nov,0.080907699,0.14065037,0.109949504,0.115826081,0.070721013,0.055604957,0.085585738,0.048106376
24-Nov,0.080516145,0.125256068,0.095728941,0.100913908,0.075082047,0.056103806,0.07818254,0.041509649
25-Nov,0.081561687,0.123088742,0.082121679,0.093284224,0.077299098,0.057005632,0.075771708,0.034600335
26-Nov,0.080516145,0.163341904,0.072126867,0.09125733,0.066458626,0.058621187,0.07457708,0.030262545
27-Nov,0.081038358,0.155233265,0.07757028,0.096118582,0.05743635,0.055405852,0.080621961,0.022773213
28-Nov,0.080646593,0.162272037,0.083461473,0.080637707,0.04835513,0.060252382,0.07818254,0.025687721
29-Nov,0.070185598,0.168383136,0.081825068,0.079308826,0.042246539,0.061176753,0.07939869,0.022554538
30-Nov,0.053592577,0.127129489,0.089361956,0.082273285,0.031620909,0.061279763,0.086844229,0.022773213
01-Dec,0.055541616,0.103059113,0.103392836,0.072222446,0.02941904,0.054315224,0.090661421,0.024551098
02-Dec,0.053137339,0.063189827,0.100172282,0.072080465,0.028111476,0.044292421,0.093240745,0.023581813
03-Dec,0.056119236,0.060180945,0.098417543,0.079308826,0.028647182,0.037059665,0.089382094,0.022919438
04-Dec,0.054163429,0.065385955,0.091826793,0.078720913,0.028570421,0.031016909,0.088109689,0.022773213
05-Dec,0.053023731,0.058495942,0.074829746,0.079603406,0.03043392,0.033155775,0.088109689,0.025764185
06-Dec,0.054277839,0.043728219,0.07757028,0.079308826,0.02788305,0.034749913,0.075771708,0.026147789
07-Dec,0.056582754,0.052399123,0.062098551,0.076240913,0.030985727,0.027824606,0.061587022,0.024852297
08-Dec,0.057630275,0.050832346,0.056204975,0.083320605,0.027126695,0.03208014,0.060373394,0.024776867
09-Dec,0.059036828,0.057248563,0.053910574,0.07193859,0.032582717,0.032989491,0.061034235,0.02069297
10-Dec,0.061525156,0.063844556,0.062232047,0.052394639,0.035199992,0.036026728,0.055611345,0.01676278
11-Dec,0.052910203,0.074325664,0.052902551,0.045775959,0.031302714,0.033489216,0.047540592,0.01381246
12-Dec,0.046900971,0.07291141,0.050167988,0.047217299,0.023108228,0.029007569,0.050587762,0.013212849
13-Dec,0.041659798,0.075754099,0.050784627,0.042131834,0.022263891,0.039952142,0.036632305,0.014055108
14-Dec,0.036227331,0.06605243,0.046051377,0.037712667,0.023820812,0.036455883,0.046839975,0.017154773
15-Dec,0.035032623,0.056015206,0.049676742,0.039390272,0.018547366,0.031997911,0.042719941,0.016632877
16-Dec,0.036327487,0.046280664,0.054671331,0.040752277,0.020746791,0.028848852,0.051930441,0.013331967
17-Dec,0.034145339,0.026008029,0.055436136,0.044706151,0.019402759,0.025131815,0.050587762,0.015925256
18-Dec,0.042818427,0.034112982,0.049554218,0.050646114,0.019402759,0.022173133,0.054549895,0.019715845
19-Dec,0.046900971,0.03474721,0.048092928,0.044706151,0.019138021,0.026120852,0.054549895,0.024176552
20-Dec,0.050209853,0.029991061,0.042994619,0.05531598,0.021019634,0.016524885,0.055611345,0.023804185
21-Dec,0.045814713,0.026558926,0.035599994,0.051767574,0.020610871,0.021956465,0.043202842,0.024101904
22-Dec,0.027690984,0.025598809,0.033044303,0.042828151,0.021569322,0.016721223,0.03090704,0.01875667
23-Dec,0.031147498,0.039528022,0.029047748,0.03905253,0.023534804,0.020179948,0.032195336,0.011531514
24-Dec,0.036427735,0.032246836,0.028748483,0.036939327,0.023534804,0.019139304,0.029387624,0.013331967
25-Dec,0.032586677,0.038680799,0.025250218,0.029952834,0.023463505,0.022100828,0.033415701,0.014299348
26-Dec,0.031816436,0.02896754,0.028748483,0.036719495,0.022263891,0.021525357,0.030059325,0.017286197
27-Dec,0.025789917,0.033798154,0.031072799,0.035194704,0.021156556,0.017581293,0.031077656,0.013153442
28-Dec,0.03143361,0.042303565,0.029549138,0.038940195,0.015031147,0.021597002,0.036905404,0.013872972
29-Dec,0.02851933,0.040212698,0.026783685,0.034120701,0.016880406,0.025056287,0.031505756,0.011138721
30-Dec,0.023759832,0.036033964,0.029448599,0.032010942,0.013960643,0.026120852,0.035099359,0.009409518
31-Dec,0.024021491,0.02232004,0.034633131,0.037049431,0.014078119,0.016655688,0.038005488,0.009461879
